CTYNAME,STNAME,POPESTIMATE2017,fips
Alabama,AL,4874747,
Autauga County,AL,55504,1001
Baldwin County,AL,212628,1003
Barbour County,AL,25270,1005
Bibb County,AL,22668,1007
Blount County,AL,58013,1009
Bullock County,AL,10309,1011
Butler County,AL,19825,1013
Calhoun County,AL,114728,1015
Chambers County,AL,33713,1017
Cherokee County,AL,25857,1019
Chilton County,AL,44067,1021
Choctaw County,AL,12945,1023
Clarke County,AL,24083,1025
Clay County,AL,13367,1027
Cleburne County,AL,14900,1029
Coffee County,AL,51874,1031
Colbert County,AL,54500,1033
Conecuh County,AL,12469,1035
Coosa County,AL,10754,1037
Covington County,AL,37092,1039
Crenshaw County,AL,13871,1041
Cullman County,AL,82755,1043
Dale County,AL,49226,1045
Dallas County,AL,39215,1047
DeKalb County,AL,71617,1049
Elmore County,AL,81677,1051
Escambia County,AL,37447,1053
Etowah County,AL,102755,1055
Fayette County,AL,16468,1057
Franklin County,AL,31495,1059
Geneva County,AL,26421,1061
Greene County,AL,8330,1063
Hale County,AL,14812,1065
Henry County,AL,17147,1067
Houston County,AL,104346,1069
Jackson County,AL,51909,1071
Jefferson County,AL,659197,1073
Lamar County,AL,13946,1075
Lauderdale County,AL,92538,1077
Lawrence County,AL,33049,1079
Lee County,AL,161604,1081
Limestone County,AL,94402,1083
Lowndes County,AL,10076,1085
Macon County,AL,18755,1087
Madison County,AL,361046,1089
Marengo County,AL,19375,1091
Marion County,AL,29833,1093
Marshall County,AL,95548,1095
Mobile County,AL,413955,1097
Monroe County,AL,21327,1099
Montgomery County,AL,226646,1101
Morgan County,AL,118818,1103
Perry County,AL,9339,1105
Pickens County,AL,20176,1107
Pike County,AL,33267,1109
Randolph County,AL,22670,1111
Russell County,AL,57045,1113
St. Clair County,AL,88199,1115
Shelby County,AL,213605,1117
Sumter County,AL,12687,1119
Talladega County,AL,80065,1121
Tallapoosa County,AL,40681,1123
Tuscaloosa County,AL,207811,1125
Walker County,AL,64058,1127
Washington County,AL,16531,1129
Wilcox County,AL,10719,1131
Winston County,AL,23722,1133
Alaska,AK,739795,
Aleutians East Borough,AK,3370,2013
Aleutians West Census Area,AK,5763,2016
Anchorage Municipality,AK,294356,2020
Bethel Census Area,AK,18076,2050
Bristol Bay Borough,AK,867,2060
Denali Borough,AK,2074,2068
Dillingham Census Area,AK,4932,2070
Fairbanks North Star Borough,AK,99703,2090
Haines Borough,AK,2526,2100
Hoonah-Angoon Census Area,AK,2145,2105
Juneau City and Borough,AK,32094,2110
Kenai Peninsula Borough,AK,58617,2122
Ketchikan Gateway Borough,AK,13856,2130
Kodiak Island Borough,AK,13448,2150
Kusilvak Census Area,AK,8202,
Lake and Peninsula Borough,AK,1620,2164
Matanuska-Susitna Borough,AK,106532,2170
Nome Census Area,AK,9921,2180
North Slope Borough,AK,9782,2185
Northwest Arctic Borough,AK,7684,2188
Petersburg Borough,AK,3281,2195
Prince of Wales-Hyder Census Area,AK,6443,2198
Sitka City and Borough,AK,8689,2220
Skagway Municipality,AK,1157,2230
Southeast Fairbanks Census Area,AK,6888,2240
Valdez-Cordova Census Area,AK,9278,2261
Wrangell City and Borough,AK,2521,2275
Yakutat City and Borough,AK,605,2282
Yukon-Koyukuk Census Area,AK,5365,2290
Arizona,AZ,7016270,
Apache County,AZ,71606,4001
Cochise County,AZ,124756,4003
Coconino County,AZ,140776,4005
Gila County,AZ,53501,4007
Graham County,AZ,37466,4009
Greenlee County,AZ,9455,4011
La Paz County,AZ,20601,4012
Maricopa County,AZ,4307033,4013
Mohave County,AZ,207200,4015
Navajo County,AZ,108956,4017
Pima County,AZ,1022769,4019
Pinal County,AZ,430237,4021
Santa Cruz County,AZ,46212,4023
Yavapai County,AZ,228168,4025
Yuma County,AZ,207534,4027
Arkansas,AR,3004279,
Arkansas County,AR,17967,5001
Ashley County,AR,20283,5003
Baxter County,AR,41355,5005
Benton County,AR,266300,5007
Boone County,AR,37381,5009
Bradley County,AR,10864,5011
Calhoun County,AR,5247,5013
Carroll County,AR,27944,5015
Chicot County,AR,10636,5017
Clark County,AR,22293,5019
Clay County,AR,14920,5021
Cleburne County,AR,25048,5023
Cleveland County,AR,8202,5025
Columbia County,AR,23627,5027
Conway County,AR,20916,5029
Craighead County,AR,107115,5031
Crawford County,AR,62996,5033
Crittenden County,AR,48750,5035
Cross County,AR,16863,5037
Dallas County,AR,7393,5039
Desha County,AR,11764,5041
Drew County,AR,18547,5043
Faulkner County,AR,123654,5045
Franklin County,AR,17890,5047
Fulton County,AR,12055,5049
Garland County,AR,98658,5051
Grant County,AR,18165,5053
Greene County,AR,45053,5055
Hempstead County,AR,21861,5057
Hot Spring County,AR,33574,5059
Howard County,AR,13478,5061
Independence County,AR,37504,5063
Izard County,AR,13686,5065
Jackson County,AR,17135,5067
Jefferson County,AR,69115,5069
Johnson County,AR,26552,5071
Lafayette County,AR,6862,5073
Lawrence County,AR,16525,5075
Lee County,AR,9176,5077
Lincoln County,AR,13646,5079
Little River County,AR,12359,5081
Logan County,AR,21722,5083
Lonoke County,AR,72898,5085
Madison County,AR,16339,5087
Marion County,AR,16428,5089
Miller County,AR,43984,5091
Mississippi County,AR,42159,5093
Monroe County,AR,7085,5095
Montgomery County,AR,8919,5097
Nevada County,AR,8327,5099
Newton County,AR,7828,5101
Ouachita County,AR,23868,5103
Perry County,AR,10348,5105
Phillips County,AR,18572,5107
Pike County,AR,10726,5109
Poinsett County,AR,24154,5111
Polk County,AR,20118,5113
Pope County,AR,63835,5115
Prairie County,AR,8248,5117
Pulaski County,AR,393956,5119
Randolph County,AR,17557,5121
St. Francis County,AR,25930,5123
Saline County,AR,119323,5125
Scott County,AR,10445,5127
Searcy County,AR,7938,5129
Sebastian County,AR,128107,5131
Sevier County,AR,17115,5133
Sharp County,AR,17393,5135
Stone County,AR,12537,5137
Union County,AR,39449,5139
Van Buren County,AR,16506,5141
Washington County,AR,231996,5143
White County,AR,79016,5145
Woodruff County,AR,6571,5147
Yell County,AR,21523,5149
California,CA,39536653,
Alameda County,CA,1663190,6001
Alpine County,CA,1120,6003
Amador County,CA,38626,6005
Butte County,CA,229294,6007
Calaveras County,CA,45670,6009
Colusa County,CA,21805,6011
Contra Costa County,CA,1147439,6013
Del Norte County,CA,27470,6015
El Dorado County,CA,188987,6017
Fresno County,CA,989255,6019
Glenn County,CA,28094,6021
Humboldt County,CA,136754,6023
Imperial County,CA,182830,6025
Inyo County,CA,18026,6027
Kern County,CA,893119,6029
Kings County,CA,150101,6031
Lake County,CA,64246,6033
Lassen County,CA,31163,6035
Los Angeles County,CA,10163507,6037
Madera County,CA,156890,6039
Marin County,CA,260955,6041
Mariposa County,CA,17569,6043
Mendocino County,CA,88018,6045
Merced County,CA,272673,6047
Modoc County,CA,8859,6049
Mono County,CA,14168,6051
Monterey County,CA,437907,6053
Napa County,CA,140973,6055
Nevada County,CA,99814,6057
Orange County,CA,3190400,6059
Placer County,CA,386166,6061
Plumas County,CA,18742,6063
Riverside County,CA,2423266,6065
Sacramento County,CA,1530615,6067
San Benito County,CA,60310,6069
San Bernardino County,CA,2157404,6071
San Diego County,CA,3337685,6073
San Francisco County,CA,884363,6075
San Joaquin County,CA,745424,6077
San Luis Obispo County,CA,283405,6079
San Mateo County,CA,771410,6081
Santa Barbara County,CA,448150,6083
Santa Clara County,CA,1938153,6085
Santa Cruz County,CA,275897,6087
Shasta County,CA,179921,6089
Sierra County,CA,2999,6091
Siskiyou County,CA,43853,6093
Solano County,CA,445458,6095
Sonoma County,CA,504217,6097
Stanislaus County,CA,547899,6099
Sutter County,CA,96648,6101
Tehama County,CA,63926,6103
Trinity County,CA,12709,6105
Tulare County,CA,464493,6107
Tuolumne County,CA,54248,6109
Ventura County,CA,854223,6111
Yolo County,CA,219116,6113
Yuba County,CA,77031,6115
Colorado,CO,5607154,
Adams County,CO,503167,8001
Alamosa County,CO,16551,8003
Arapahoe County,CO,643052,8005
Archuleta County,CO,13315,8007
Baca County,CO,3562,8009
Bent County,CO,5938,8011
Boulder County,CO,322514,8013
Broomfield County,CO,68341,8014
Chaffee County,CO,19638,8015
Cheyenne County,CO,1845,8017
Clear Creek County,CO,9574,8019
Conejos County,CO,8184,8021
Costilla County,CO,3776,8023
Crowley County,CO,5810,8025
Custer County,CO,4874,8027
Delta County,CO,30568,8029
Denver County,CO,704621,8031
Dolores County,CO,2067,8033
Douglas County,CO,335299,8035
Eagle County,CO,54772,8037
Elbert County,CO,25642,8039
El Paso County,CO,699232,8041
Fremont County,CO,47559,8043
Garfield County,CO,59118,8045
Gilpin County,CO,6013,8047
Grand County,CO,15321,8049
Gunnison County,CO,16939,8051
Hinsdale County,CO,794,8053
Huerfano County,CO,6662,8055
Jackson County,CO,1385,8057
Jefferson County,CO,574613,8059
Kiowa County,CO,1376,8061
Kit Carson County,CO,7158,8063
Lake County,CO,7778,8065
La Plata County,CO,55589,8067
Larimer County,CO,343976,8069
Las Animas County,CO,14238,8071
Lincoln County,CO,5546,8073
Logan County,CO,21896,8075
Mesa County,CO,151616,8077
Mineral County,CO,766,8079
Moffat County,CO,13131,8081
Montezuma County,CO,26140,8083
Montrose County,CO,41784,8085
Morgan County,CO,28192,8087
Otero County,CO,18326,8089
Ouray County,CO,4794,8091
Park County,CO,17905,8093
Phillips County,CO,4292,8095
Pitkin County,CO,17890,8097
Prowers County,CO,12070,8099
Pueblo County,CO,166475,8101
Rio Blanco County,CO,6420,8103
Rio Grande County,CO,11301,8105
Routt County,CO,25220,8107
Saguache County,CO,6626,8109
San Juan County,CO,715,8111
San Miguel County,CO,7967,8113
Sedgwick County,CO,2344,8115
Summit County,CO,30585,8117
Teller County,CO,24646,8119
Washington County,CO,4938,8121
Weld County,CO,304633,8123
Yuma County,CO,10075,8125
Connecticut,CT,3588184,
Fairfield County,CT,949921,9001
Hartford County,CT,895388,9003
Litchfield County,CT,182177,9005
Middlesex County,CT,163410,9007
New Haven County,CT,860435,9009
New London County,CT,269033,9011
Tolland County,CT,151461,9013
Windham County,CT,116359,9015
Delaware,DE,961939,
Kent County,DE,176824,10001
New Castle County,DE,559793,10003
Sussex County,DE,225322,10005
District of Columbia,District of Columbia,693972,
District of Columbia,District of Columbia,693972,
Florida,FL,20984400,
Alachua County,FL,266944,12001
Baker County,FL,28283,12003
Bay County,FL,183563,12005
Bradford County,FL,27038,12007
Brevard County,FL,589162,12009
Broward County,FL,1935878,12011
Calhoun County,FL,14483,12013
Charlotte County,FL,182033,12015
Citrus County,FL,145647,12017
Clay County,FL,212230,12019
Collier County,FL,372880,12021
Columbia County,FL,69612,12023
DeSoto County,FL,36862,12027
Dixie County,FL,16673,12029
Duval County,FL,937934,12031
Escambia County,FL,313512,12033
Flagler County,FL,110510,12035
Franklin County,FL,11727,12037
Gadsden County,FL,46071,12039
Gilchrist County,FL,17743,12041
Glades County,FL,13754,12043
Gulf County,FL,16160,12045
Hamilton County,FL,14184,12047
Hardee County,FL,27411,12049
Hendry County,FL,40347,12051
Hernando County,FL,186553,12053
Highlands County,FL,102883,12055
Hillsborough County,FL,1408566,12057
Holmes County,FL,19558,12059
Indian River County,FL,154383,12061
Jackson County,FL,48330,12063
Jefferson County,FL,14144,12065
Lafayette County,FL,8451,12067
Lake County,FL,346017,12069
Lee County,FL,739224,12071
Leon County,FL,290292,12073
Levy County,FL,40355,12075
Liberty County,FL,8242,12077
Madison County,FL,18449,12079
Manatee County,FL,385571,12081
Marion County,FL,354353,12083
Martin County,FL,159923,12085
Miami-Dade County,FL,2751796,12086
Monroe County,FL,77013,12087
Nassau County,FL,82721,12089
Okaloosa County,FL,202970,12091
Okeechobee County,FL,41605,12093
Orange County,FL,1348975,12095
Osceola County,FL,352180,12097
Palm Beach County,FL,1471150,12099
Pasco County,FL,525643,12101
Pinellas County,FL,970637,12103
Polk County,FL,686483,12105
Putnam County,FL,73464,12107
St. Johns County,FL,243812,12109
St. Lucie County,FL,313506,12111
Santa Rosa County,FL,174272,12113
Sarasota County,FL,419119,12115
Seminole County,FL,462659,12117
Sumter County,FL,125165,12119
Suwannee County,FL,44190,12121
Taylor County,FL,21833,12123
Union County,FL,15517,12125
Volusia County,FL,538692,12127
Wakulla County,FL,32120,12129
Walton County,FL,68376,12131
Washington County,FL,24567,12133
Georgia,GA,10429379,
Appling County,GA,18521,13001
Atkinson County,GA,8342,13003
Bacon County,GA,11319,13005
Baker County,GA,3200,13007
Baldwin County,GA,44906,13009
Banks County,GA,18634,13011
Barrow County,GA,79061,13013
Bartow County,GA,105054,13015
Ben Hill County,GA,16996,13017
Berrien County,GA,19186,13019
Bibb County,GA,152862,13021
Bleckley County,GA,12830,13023
Brantley County,GA,18731,13025
Brooks County,GA,15587,13027
Bryan County,GA,37060,13029
Bulloch County,GA,76149,13031
Burke County,GA,22522,13033
Butts County,GA,24059,13035
Calhoun County,GA,6455,13037
Camden County,GA,53044,13039
Candler County,GA,10797,13043
Carroll County,GA,117812,13045
Catoosa County,GA,66550,13047
Charlton County,GA,12715,13049
Chatham County,GA,290501,13051
Chattahoochee County,GA,10343,13053
Chattooga County,GA,24770,13055
Cherokee County,GA,247573,13057
Clarke County,GA,127064,13059
Clay County,GA,2962,13061
Clayton County,GA,285153,13063
Clinch County,GA,6727,13065
Cobb County,GA,755754,13067
Coffee County,GA,43014,13069
Colquitt County,GA,45835,13071
Columbia County,GA,151579,13073
Cook County,GA,17277,13075
Coweta County,GA,143114,13077
Crawford County,GA,12295,13079
Crisp County,GA,22736,13081
Dade County,GA,16285,13083
Dawson County,GA,24379,13085
Decatur County,GA,26716,13087
DeKalb County,GA,753253,13089
Dodge County,GA,20730,13091
Dooly County,GA,13737,13093
Dougherty County,GA,89502,13095
Douglas County,GA,143882,13097
Early County,GA,10296,13099
Echols County,GA,3936,13101
Effingham County,GA,59982,13103
Elbert County,GA,19109,13105
Emanuel County,GA,22530,13107
Evans County,GA,10775,13109
Fannin County,GA,25322,13111
Fayette County,GA,112549,13113
Floyd County,GA,97613,13115
Forsyth County,GA,227967,13117
Franklin County,GA,22820,13119
Fulton County,GA,1041423,13121
Gilmer County,GA,30674,13123
Glascock County,GA,3062,13125
Glynn County,GA,85282,13127
Gordon County,GA,57089,13129
Grady County,GA,24819,13131
Greene County,GA,17281,13133
Gwinnett County,GA,920260,13135
Habersham County,GA,44567,13137
Hall County,GA,199335,13139
Hancock County,GA,8561,13141
Haralson County,GA,29256,13143
Harris County,GA,33915,13145
Hart County,GA,25794,13147
Heard County,GA,11730,13149
Henry County,GA,225813,13151
Houston County,GA,153479,13153
Irwin County,GA,9410,13155
Jackson County,GA,67519,13157
Jasper County,GA,13964,13159
Jeff Davis County,GA,15025,13161
Jefferson County,GA,15648,13163
Jenkins County,GA,8767,13165
Johnson County,GA,9788,13167
Jones County,GA,28470,13169
Lamar County,GA,18599,13171
Lanier County,GA,10425,13173
Laurens County,GA,47330,13175
Lee County,GA,29470,13177
Liberty County,GA,61386,13179
Lincoln County,GA,7880,13181
Long County,GA,19014,13183
Lowndes County,GA,115489,13185
Lumpkin County,GA,32873,13187
McDuffie County,GA,21498,13189
McIntosh County,GA,14106,13191
Macon County,GA,13314,13193
Madison County,GA,29302,13195
Marion County,GA,8450,13197
Meriwether County,GA,21049,13199
Miller County,GA,5838,13201
Mitchell County,GA,22292,13205
Monroe County,GA,27113,13207
Montgomery County,GA,9031,13209
Morgan County,GA,18412,13211
Murray County,GA,39782,13213
Muscogee County,GA,194058,13215
Newton County,GA,108078,13217
Oconee County,GA,38028,13219
Oglethorpe County,GA,14877,13221
Paulding County,GA,159445,13223
Peach County,GA,27099,13225
Pickens County,GA,31588,13227
Pierce County,GA,19307,13229
Pike County,GA,18217,13231
Polk County,GA,42085,13233
Pulaski County,GA,11201,13235
Putnam County,GA,21730,13237
Quitman County,GA,2358,13239
Rabun County,GA,16602,13241
Randolph County,GA,7075,13243
Richmond County,GA,201800,13245
Rockdale County,GA,90312,13247
Schley County,GA,5213,13249
Screven County,GA,13953,13251
Seminole County,GA,8292,13253
Spalding County,GA,65380,13255
Stephens County,GA,25890,13257
Stewart County,GA,5985,13259
Sumter County,GA,29847,13261
Talbot County,GA,6249,13263
Taliaferro County,GA,1628,13265
Tattnall County,GA,25334,13267
Taylor County,GA,8142,13269
Telfair County,GA,15989,13271
Terrell County,GA,8729,13273
Thomas County,GA,44779,13275
Tift County,GA,40598,13277
Toombs County,GA,26999,13279
Towns County,GA,11506,13281
Treutlen County,GA,6740,13283
Troup County,GA,69786,13285
Turner County,GA,7961,13287
Twiggs County,GA,8174,13289
Union County,GA,23459,13291
Upson County,GA,26135,13293
Walker County,GA,68939,13295
Walton County,GA,91600,13297
Ware County,GA,35871,13299
Warren County,GA,5303,13301
Washington County,GA,20313,13303
Wayne County,GA,29817,13305
Webster County,GA,2605,13307
Wheeler County,GA,7952,13309
White County,GA,29453,13311
Whitfield County,GA,104658,13313
Wilcox County,GA,8800,13315
Wilkes County,GA,9892,13317
Wilkinson County,GA,8959,13319
Worth County,GA,20533,13321
Hawaii,HI,1427538,
Hawaii County,HI,200381,15001
Honolulu County,HI,988650,15003
Kalawao County,HI,88,15005
Kauai County,HI,72159,15007
Maui County,HI,166260,15009
Idaho,ID,1716943,
Ada County,ID,456849,16001
Adams County,ID,4147,16003
Bannock County,ID,85269,16005
Bear Lake County,ID,6028,16007
Benewah County,ID,9184,16009
Bingham County,ID,45927,16011
Blaine County,ID,22024,16013
Boise County,ID,7290,16015
Bonner County,ID,43560,16017
Bonneville County,ID,114595,16019
Boundary County,ID,11922,16021
Butte County,ID,2602,16023
Camas County,ID,1102,16025
Canyon County,ID,216699,16027
Caribou County,ID,7034,16029
Cassia County,ID,23664,16031
Clark County,ID,873,16033
Clearwater County,ID,8546,16035
Custer County,ID,4172,16037
Elmore County,ID,26823,16039
Franklin County,ID,13564,16041
Fremont County,ID,13094,16043
Gem County,ID,17379,16045
Gooding County,ID,15124,16047
Idaho County,ID,16369,16049
Jefferson County,ID,28446,16051
Jerome County,ID,23627,16053
Kootenai County,ID,157637,16055
Latah County,ID,39333,16057
Lemhi County,ID,7875,16059
Lewis County,ID,3887,16061
Lincoln County,ID,5318,16063
Madison County,ID,39141,16065
Minidoka County,ID,20729,16067
Nez Perce County,ID,40385,16069
Oneida County,ID,4427,16071
Owyhee County,ID,11628,16073
Payette County,ID,23215,16075
Power County,ID,7600,16077
Shoshone County,ID,12542,16079
Teton County,ID,11381,16081
Twin Falls County,ID,85124,16083
Valley County,ID,10687,16085
Washington County,ID,10121,16087
Illinois,IL,12802023,
Adams County,IL,66234,17001
Alexander County,IL,6315,17003
Bond County,IL,16948,17005
Boone County,IL,53513,17007
Brown County,IL,6716,17009
Bureau County,IL,33243,17011
Calhoun County,IL,4833,17013
Carroll County,IL,14518,17015
Cass County,IL,12505,17017
Champaign County,IL,209399,17019
Christian County,IL,33102,17021
Clark County,IL,15767,17023
Clay County,IL,13269,17025
Clinton County,IL,37614,17027
Coles County,IL,51979,17029
Cook County,IL,5211263,17031
Crawford County,IL,18961,17033
Cumberland County,IL,10908,17035
DeKalb County,IL,104733,17037
De Witt County,IL,15942,17039
Douglas County,IL,19748,17041
DuPage County,IL,930128,17043
Edgar County,IL,17328,17045
Edwards County,IL,6486,17047
Effingham County,IL,34132,17049
Fayette County,IL,21784,17051
Ford County,IL,13280,17053
Franklin County,IL,39041,17055
Fulton County,IL,35110,17057
Gallatin County,IL,5080,17059
Greene County,IL,13174,17061
Grundy County,IL,50586,17063
Hamilton County,IL,8194,17065
Hancock County,IL,18020,17067
Hardin County,IL,4046,17069
Henderson County,IL,6795,17071
Henry County,IL,49328,17073
Iroquois County,IL,27876,17075
Jackson County,IL,58284,17077
Jasper County,IL,9578,17079
Jefferson County,IL,38179,17081
Jersey County,IL,21941,17083
Jo Daviess County,IL,21594,17085
Johnson County,IL,12900,17087
Kane County,IL,534667,17089
Kankakee County,IL,109605,17091
Kendall County,IL,126218,17093
Knox County,IL,50638,17095
Lake County,IL,703520,17097
LaSalle County,IL,110067,17099
Lawrence County,IL,16168,17101
Lee County,IL,34406,17103
Livingston County,IL,36518,17105
Logan County,IL,29245,17107
McDonough County,IL,30823,17109
McHenry County,IL,309122,17111
McLean County,IL,172290,17113
Macon County,IL,105801,17115
Macoupin County,IL,45446,17117
Madison County,IL,265428,17119
Marion County,IL,37902,17121
Marshall County,IL,11730,17123
Mason County,IL,13715,17125
Massac County,IL,14344,17127
Menard County,IL,12245,17129
Mercer County,IL,15618,17131
Monroe County,IL,34097,17133
Montgomery County,IL,28790,17135
Morgan County,IL,33798,17137
Moultrie County,IL,14688,17139
Ogle County,IL,51063,17141
Peoria County,IL,183011,17143
Perry County,IL,21285,17145
Piatt County,IL,16445,17147
Pike County,IL,15821,17149
Pope County,IL,4325,17151
Pulaski County,IL,5509,17153
Putnam County,IL,5727,17155
Randolph County,IL,32423,17157
Richland County,IL,15901,17159
Rock Island County,IL,144808,17161
St. Clair County,IL,262479,17163
Saline County,IL,24102,17165
Sangamon County,IL,196452,17167
Schuyler County,IL,7035,17169
Scott County,IL,5002,17171
Shelby County,IL,21719,17173
Stark County,IL,5434,17175
Stephenson County,IL,45054,17177
Tazewell County,IL,133526,17179
Union County,IL,17000,17181
Vermilion County,IL,77909,17183
Wabash County,IL,11489,17185
Warren County,IL,17167,17187
Washington County,IL,14030,17189
Wayne County,IL,16495,17191
White County,IL,13938,17193
Whiteside County,IL,56118,17195
Will County,IL,692661,17197
Williamson County,IL,67328,17199
Winnebago County,IL,284778,17201
Woodford County,IL,38726,17203
Indiana,IN,6666818,
Adams County,IN,35491,18001
Allen County,IN,372877,18003
Bartholomew County,IN,82040,18005
Benton County,IN,8613,18007
Blackford County,IN,11976,18009
Boone County,IN,65875,18011
Brown County,IN,15035,18013
Carroll County,IN,20039,18015
Cass County,IN,37994,18017
Clark County,IN,116973,18019
Clay County,IN,26198,18021
Clinton County,IN,32317,18023
Crawford County,IN,10566,18025
Daviess County,IN,33113,18027
Dearborn County,IN,49741,18029
Decatur County,IN,26737,18031
DeKalb County,IN,42836,18033
Delaware County,IN,115184,18035
Dubois County,IN,42558,18037
Elkhart County,IN,205032,18039
Fayette County,IN,23209,18041
Floyd County,IN,77071,18043
Fountain County,IN,16505,18045
Franklin County,IN,22619,18047
Fulton County,IN,20059,18049
Gibson County,IN,33576,18051
Grant County,IN,66491,18053
Greene County,IN,32177,18055
Hamilton County,IN,323747,18057
Hancock County,IN,74985,18059
Harrison County,IN,39898,18061
Hendricks County,IN,163685,18063
Henry County,IN,48476,18065
Howard County,IN,82363,18067
Huntington County,IN,36337,18069
Jackson County,IN,43884,18071
Jasper County,IN,33447,18073
Jay County,IN,20945,18075
Jefferson County,IN,32089,18077
Jennings County,IN,27626,18079
Johnson County,IN,153897,18081
Knox County,IN,37508,18083
Kosciusko County,IN,79206,18085
LaGrange County,IN,39303,18087
Lake County,IN,485640,18089
LaPorte County,IN,110029,18091
Lawrence County,IN,45666,18093
Madison County,IN,129498,18095
Marion County,IN,950082,18097
Marshall County,IN,46498,18099
Martin County,IN,10215,18101
Miami County,IN,35845,18103
Monroe County,IN,146986,18105
Montgomery County,IN,38525,18107
Morgan County,IN,69713,18109
Newton County,IN,14130,18111
Noble County,IN,47452,18113
Ohio County,IN,5828,18115
Orange County,IN,19426,18117
Owen County,IN,20839,18119
Parke County,IN,16886,18121
Perry County,IN,19081,18123
Pike County,IN,12365,18125
Porter County,IN,168404,18127
Posey County,IN,25595,18129
Pulaski County,IN,12534,18131
Putnam County,IN,37702,18133
Randolph County,IN,24922,18135
Ripley County,IN,28442,18137
Rush County,IN,16645,18139
St. Joseph County,IN,270434,18141
Scott County,IN,23870,18143
Shelby County,IN,44395,18145
Spencer County,IN,20394,18147
Starke County,IN,22893,18149
Steuben County,IN,34484,18151
Sullivan County,IN,20746,18153
Switzerland County,IN,10696,18155
Tippecanoe County,IN,190587,18157
Tipton County,IN,15128,18159
Union County,IN,7200,18161
Vanderburgh County,IN,181616,18163
Vermillion County,IN,15505,18165
Vigo County,IN,107516,18167
Wabash County,IN,31443,18169
Warren County,IN,8201,18171
Warrick County,IN,62530,18173
Washington County,IN,27827,18175
Wayne County,IN,66185,18177
Wells County,IN,27984,18179
White County,IN,24182,18181
Whitley County,IN,33756,18183
Iowa,IA,3145711,
Adair County,IA,7054,19001
Adams County,IA,3686,19003
Allamakee County,IA,13884,19005
Appanoose County,IA,12352,19007
Audubon County,IA,5578,19009
Benton County,IA,25642,19011
Black Hawk County,IA,132648,19013
Boone County,IA,26484,19015
Bremer County,IA,24911,19017
Buchanan County,IA,21202,19019
Buena Vista County,IA,20110,19021
Butler County,IA,14606,19023
Calhoun County,IA,9746,19025
Carroll County,IA,20320,19027
Cass County,IA,13145,19029
Cedar County,IA,18543,19031
Cerro Gordo County,IA,43006,19033
Cherokee County,IA,11316,19035
Chickasaw County,IA,12005,19037
Clarke County,IA,9374,19039
Clay County,IA,16170,19041
Clayton County,IA,17637,19043
Clinton County,IA,47010,19045
Crawford County,IA,17056,19047
Dallas County,IA,87235,19049
Davis County,IA,8966,19051
Decatur County,IA,7950,19053
Delaware County,IA,17153,19055
Des Moines County,IA,39417,19057
Dickinson County,IA,17199,19059
Dubuque County,IA,97041,19061
Emmet County,IA,9432,19063
Fayette County,IA,19796,19065
Floyd County,IA,15744,19067
Franklin County,IA,10164,19069
Fremont County,IA,6948,19071
Greene County,IA,8981,19073
Grundy County,IA,12333,19075
Guthrie County,IA,10670,19077
Hamilton County,IA,15115,19079
Hancock County,IA,10771,19081
Hardin County,IA,17048,19083
Harrison County,IA,14136,19085
Henry County,IA,19863,19087
Howard County,IA,9228,19089
Humboldt County,IA,9564,19091
Ida County,IA,6865,19093
Iowa County,IA,16103,19095
Jackson County,IA,19366,19097
Jasper County,IA,36966,19099
Jefferson County,IA,18422,19101
Johnson County,IA,149210,19103
Jones County,IA,20536,19105
Keokuk County,IA,10153,19107
Kossuth County,IA,14999,19109
Lee County,IA,34295,19111
Linn County,IA,224115,19113
Louisa County,IA,11184,19115
Lucas County,IA,8534,19117
Lyon County,IA,11792,19119
Madison County,IA,16013,19121
Mahaska County,IA,22235,19123
Marion County,IA,33105,19125
Marshall County,IA,40288,19127
Mills County,IA,15068,19129
Mitchell County,IA,10631,19131
Monona County,IA,8740,19133
Monroe County,IA,7845,19135
Montgomery County,IA,10137,19137
Muscatine County,IA,42880,19139
O'Brien County,IA,13801,19141
Osceola County,IA,6045,19143
Page County,IA,15224,19145
Palo Alto County,IA,9092,19147
Plymouth County,IA,25220,19149
Pocahontas County,IA,6846,19151
Polk County,IA,481830,19153
Pottawattamie County,IA,93386,19155
Poweshiek County,IA,18314,19157
Ringgold County,IA,5034,19159
Sac County,IA,9817,19161
Scott County,IA,172509,19163
Shelby County,IA,11628,19165
Sioux County,IA,34860,19167
Story County,IA,97502,19169
Tama County,IA,17058,19171
Taylor County,IA,6178,19173
Union County,IA,12450,19175
Van Buren County,IA,7157,19177
Wapello County,IA,35044,19179
Warren County,IA,50163,19181
Washington County,IA,22281,19183
Wayne County,IA,6476,19185
Webster County,IA,36605,19187
Winnebago County,IA,10587,19189
Winneshiek County,IA,20201,19191
Woodbury County,IA,102429,19193
Worth County,IA,7469,19195
Wright County,IA,12784,19197
Kansas,KS,2913123,
Allen County,KS,12519,20001
Anderson County,KS,7833,20003
Atchison County,KS,16332,20005
Barber County,KS,4586,20007
Barton County,KS,26476,20009
Bourbon County,KS,14754,20011
Brown County,KS,9641,20013
Butler County,KS,66878,20015
Chase County,KS,2683,20017
Chautauqua County,KS,3363,20019
Cherokee County,KS,20115,20021
Cheyenne County,KS,2683,20023
Clark County,KS,2004,20025
Clay County,KS,7958,20027
Cloud County,KS,8991,20029
Coffey County,KS,8224,20031
Comanche County,KS,1790,20033
Cowley County,KS,35361,20035
Crawford County,KS,39034,20037
Decatur County,KS,2885,20039
Dickinson County,KS,18902,20041
Doniphan County,KS,7727,20043
Douglas County,KS,120793,20045
Edwards County,KS,2893,20047
Elk County,KS,2498,20049
Ellis County,KS,28689,20051
Ellsworth County,KS,6330,20053
Finney County,KS,37084,20055
Ford County,KS,34381,20057
Franklin County,KS,25733,20059
Geary County,KS,33855,20061
Gove County,KS,2631,20063
Graham County,KS,2495,20065
Grant County,KS,7526,20067
Gray County,KS,5958,20069
Greeley County,KS,1249,20071
Greenwood County,KS,6123,20073
Hamilton County,KS,2640,20075
Harper County,KS,5590,20077
Harvey County,KS,34544,20079
Haskell County,KS,4053,20081
Hodgeman County,KS,1842,20083
Jackson County,KS,13318,20085
Jefferson County,KS,18998,20087
Jewell County,KS,2850,20089
Johnson County,KS,591178,20091
Kearny County,KS,3960,20093
Kingman County,KS,7360,20095
Kiowa County,KS,2485,20097
Labette County,KS,20145,20099
Lane County,KS,1559,20101
Leavenworth County,KS,81095,20103
Lincoln County,KS,3043,20105
Linn County,KS,9726,20107
Logan County,KS,2821,20109
Lyon County,KS,33392,20111
McPherson County,KS,28708,20113
Marion County,KS,11986,20115
Marshall County,KS,9745,20117
Meade County,KS,4303,20119
Miami County,KS,33461,20121
Mitchell County,KS,6128,20123
Montgomery County,KS,32556,20125
Morris County,KS,5455,20127
Morton County,KS,2740,20129
Nemaha County,KS,10118,20131
Neosho County,KS,16015,20133
Ness County,KS,2869,20135
Norton County,KS,5441,20137
Osage County,KS,15772,20139
Osborne County,KS,3610,20141
Ottawa County,KS,5863,20143
Pawnee County,KS,6680,20145
Phillips County,KS,5370,20147
Pottawatomie County,KS,23908,20149
Pratt County,KS,9547,20151
Rawlins County,KS,2497,20153
Reno County,KS,62510,20155
Republic County,KS,4691,20157
Rice County,KS,9660,20159
Riley County,KS,74172,20161
Rooks County,KS,5043,20163
Rush County,KS,3103,20165
Russell County,KS,6915,20167
Saline County,KS,54734,20169
Scott County,KS,4961,20171
Sedgwick County,KS,513687,20173
Seward County,KS,22159,20175
Shawnee County,KS,178187,20177
Sheridan County,KS,2527,20179
Sherman County,KS,5930,20181
Smith County,KS,3668,20183
Stafford County,KS,4207,20185
Stanton County,KS,2060,20187
Stevens County,KS,5612,20189
Sumner County,KS,23159,20191
Thomas County,KS,7788,20193
Trego County,KS,2884,20195
Wabaunsee County,KS,6874,20197
Wallace County,KS,1524,20199
Washington County,KS,5485,20201
Wichita County,KS,2125,20203
Wilson County,KS,8675,20205
Woodson County,KS,3147,20207
Wyandotte County,KS,165288,20209
Kentucky,KY,4454189,
Adair County,KY,19485,21001
Allen County,KY,20933,21003
Anderson County,KY,22544,21005
Ballard County,KY,8039,21007
Barren County,KY,43801,21009
Bath County,KY,12378,21011
Bell County,KY,26894,21013
Boone County,KY,130728,21015
Bourbon County,KY,20029,21017
Boyd County,KY,47979,21019
Boyle County,KY,29924,21021
Bracken County,KY,8267,21023
Breathitt County,KY,12946,21025
Breckinridge County,KY,20111,21027
Bullitt County,KY,80246,21029
Butler County,KY,12831,21031
Caldwell County,KY,12639,21033
Calloway County,KY,38919,21035
Campbell County,KY,92488,21037
Carlisle County,KY,4846,21039
Carroll County,KY,10713,21041
Carter County,KY,27144,21043
Casey County,KY,15750,21045
Christian County,KY,70416,21047
Clark County,KY,36046,21049
Clay County,KY,20366,21051
Clinton County,KY,10276,21053
Crittenden County,KY,9084,21055
Cumberland County,KY,6706,21057
Daviess County,KY,100374,21059
Edmonson County,KY,12226,21061
Elliott County,KY,7523,21063
Estill County,KY,14277,21065
Fayette County,KY,321959,21067
Fleming County,KY,14446,21069
Floyd County,KY,36271,21071
Franklin County,KY,50485,21073
Fulton County,KY,6192,21075
Gallatin County,KY,8776,21077
Garrard County,KY,17523,21079
Grant County,KY,24984,21081
Graves County,KY,37121,21083
Grayson County,KY,26358,21085
Green County,KY,11065,21087
Greenup County,KY,35518,21089
Hancock County,KY,8801,21091
Hardin County,KY,108071,21093
Harlan County,KY,26713,21095
Harrison County,KY,18781,21097
Hart County,KY,18757,21099
Henderson County,KY,45928,21101
Henry County,KY,16006,21103
Hickman County,KY,4520,21105
Hopkins County,KY,45547,21107
Jackson County,KY,13431,21109
Jefferson County,KY,771158,21111
Jessamine County,KY,53375,21113
Johnson County,KY,22594,21115
Kenton County,KY,165399,21117
Knott County,KY,15291,21119
Knox County,KY,31227,21121
Larue County,KY,14205,21123
Laurel County,KY,60174,21125
Lawrence County,KY,15719,21127
Lee County,KY,6570,21129
Leslie County,KY,10334,21131
Letcher County,KY,22339,21133
Lewis County,KY,13339,21135
Lincoln County,KY,24456,21137
Livingston County,KY,9269,21139
Logan County,KY,27060,21141
Lyon County,KY,8082,21143
McCracken County,KY,65385,21145
McCreary County,KY,17465,21147
McLean County,KY,9201,21149
Madison County,KY,91226,21151
Magoffin County,KY,12538,21153
Marion County,KY,19395,21155
Marshall County,KY,31382,21157
Martin County,KY,11452,21159
Mason County,KY,17174,21161
Meade County,KY,28154,21163
Menifee County,KY,6455,21165
Mercer County,KY,21521,21167
Metcalfe County,KY,10107,21169
Monroe County,KY,10659,21171
Montgomery County,KY,27928,21173
Morgan County,KY,13188,21175
Muhlenberg County,KY,30816,21177
Nelson County,KY,45640,21179
Nicholas County,KY,7130,21181
Ohio County,KY,24182,21183
Oldham County,KY,66415,21185
Owen County,KY,10765,21187
Owsley County,KY,4435,21189
Pendleton County,KY,14573,21191
Perry County,KY,26553,21193
Pike County,KY,58883,21195
Powell County,KY,12374,21197
Pulaski County,KY,64449,21199
Robertson County,KY,2134,21201
Rockcastle County,KY,16698,21203
Rowan County,KY,24517,21205
Russell County,KY,17775,21207
Scott County,KY,54873,21209
Shelby County,KY,47421,21211
Simpson County,KY,18108,21213
Spencer County,KY,18507,21215
Taylor County,KY,25472,21217
Todd County,KY,12243,21219
Trigg County,KY,14444,21221
Trimble County,KY,8561,21223
Union County,KY,14668,21225
Warren County,KY,128845,21227
Washington County,KY,12126,21229
Wayne County,KY,20716,21231
Webster County,KY,13018,21233
Whitley County,KY,36214,21235
Wolfe County,KY,7264,21237
Woodford County,KY,26368,21239
Louisiana,LA,4684333,
Acadia Parish,LA,62590,22001
Allen Parish,LA,25621,22003
Ascension Parish,LA,122948,22005
Assumption Parish,LA,22526,22007
Avoyelles Parish,LA,40980,22009
Beauregard Parish,LA,36928,22011
Bienville Parish,LA,13638,22013
Bossier Parish,LA,127634,22015
Caddo Parish,LA,246581,22017
Calcasieu Parish,LA,202445,22019
Caldwell Parish,LA,9950,22021
Cameron Parish,LA,6912,22023
Catahoula Parish,LA,9875,22025
Claiborne Parish,LA,15969,22027
Concordia Parish,LA,19866,22029
De Soto Parish,LA,27340,22031
East Baton Rouge Parish,LA,446268,22033
East Carroll Parish,LA,7126,22035
East Feliciana Parish,LA,19412,22037
Evangeline Parish,LA,33708,22039
Franklin Parish,LA,20260,22041
Grant Parish,LA,22336,22043
Iberia Parish,LA,72176,22045
Iberville Parish,LA,33027,22047
Jackson Parish,LA,15846,22049
Jefferson Parish,LA,439036,22051
Jefferson Davis Parish,LA,31477,22053
Lafayette Parish,LA,242485,22055
Lafourche Parish,LA,98426,22057
LaSalle Parish,LA,14933,
Lincoln Parish,LA,47744,22061
Livingston Parish,LA,138228,22063
Madison Parish,LA,11316,22065
Morehouse Parish,LA,25641,22067
Natchitoches Parish,LA,39021,22069
Orleans Parish,LA,393292,22071
Ouachita Parish,LA,155874,22073
Plaquemines Parish,LA,23348,22075
Pointe Coupee Parish,LA,22268,22077
Rapides Parish,LA,131648,22079
Red River Parish,LA,8536,22081
Richland Parish,LA,20411,22083
Sabine Parish,LA,24018,22085
St. Bernard Parish,LA,46202,22087
St. Charles Parish,LA,52749,22089
St. Helena Parish,LA,10363,22091
St. James Parish,LA,21367,22093
St. John the Baptist Parish,LA,43441,22095
St. Landry Parish,LA,83497,22097
St. Martin Parish,LA,54171,22099
St. Mary Parish,LA,50973,22101
St. Tammany Parish,LA,256327,22103
Tangipahoa Parish,LA,132497,22105
Tensas Parish,LA,4615,22107
Terrebonne Parish,LA,112086,22109
Union Parish,LA,22571,22111
Vermilion Parish,LA,60136,22113
Vernon Parish,LA,50726,22115
Washington Parish,LA,46633,22117
Webster Parish,LA,39378,22119
West Baton Rouge Parish,LA,26265,22121
West Carroll Parish,LA,10981,22123
West Feliciana Parish,LA,15380,22125
Winn Parish,LA,14311,22127
Maine,ME,1335907,
Androscoggin County,ME,107651,23001
Aroostook County,ME,67653,23003
Cumberland County,ME,292500,23005
Franklin County,ME,29988,23007
Hancock County,ME,54497,23009
Kennebec County,ME,121821,23011
Knox County,ME,39790,23013
Lincoln County,ME,34204,23015
Oxford County,ME,57439,23017
Penobscot County,ME,151957,23019
Piscataquis County,ME,16773,23021
Sagadahoc County,ME,35392,23023
Somerset County,ME,50626,23025
Waldo County,ME,39832,23027
Washington County,ME,31593,23029
York County,ME,204191,23031
Maryland,MD,6052177,
Allegany County,MD,71615,24001
Anne Arundel County,MD,573235,24003
Baltimore County,MD,832468,24005
Calvert County,MD,91502,24009
Caroline County,MD,33193,24011
Carroll County,MD,167781,24013
Cecil County,MD,102746,24015
Charles County,MD,159700,24017
Dorchester County,MD,32162,24019
Frederick County,MD,252022,24021
Garrett County,MD,29233,24023
Harford County,MD,252160,24025
Howard County,MD,321113,24027
Kent County,MD,19384,24029
Montgomery County,MD,1058810,24031
Prince George's County,MD,912756,24033
Queen Anne's County,MD,49770,24035
St. Mary's County,MD,112667,24037
Somerset County,MD,25918,24039
Talbot County,MD,37103,24041
Washington County,MD,150578,24043
Wicomico County,MD,102923,24045
Worcester County,MD,51690,24047
Baltimore city,MD,611648,24510
Massachusetts,MA,6859819,
Barnstable County,MA,213444,25001
Berkshire County,MA,126313,25003
Bristol County,MA,561483,25005
Dukes County,MA,17325,25007
Essex County,MA,785205,25009
Franklin County,MA,70702,25011
Hampden County,MA,469818,25013
Hampshire County,MA,161834,25015
Middlesex County,MA,1602947,25017
Nantucket County,MA,11229,25019
Norfolk County,MA,700322,25021
Plymouth County,MA,515142,25023
Suffolk County,MA,797939,25025
Worcester County,MA,826116,25027
Michigan,MI,9962311,
Alcona County,MI,10351,26001
Alger County,MI,9121,26003
Allegan County,MI,116447,26005
Alpena County,MI,28462,26007
Antrim County,MI,23292,26009
Arenac County,MI,15045,26011
Baraga County,MI,8441,26013
Barry County,MI,60586,26015
Bay County,MI,104239,26017
Benzie County,MI,17573,26019
Berrien County,MI,154259,26021
Branch County,MI,43410,26023
Calhoun County,MI,134128,26025
Cass County,MI,51381,26027
Charlevoix County,MI,26139,26029
Cheboygan County,MI,25369,26031
Chippewa County,MI,37711,26033
Clare County,MI,30653,26035
Clinton County,MI,78443,26037
Crawford County,MI,13907,26039
Delta County,MI,35965,26041
Dickinson County,MI,25415,26043
Eaton County,MI,109027,26045
Emmet County,MI,33193,26047
Genesee County,MI,407385,26049
Gladwin County,MI,25234,26051
Gogebic County,MI,15342,26053
Grand Traverse County,MI,91807,26055
Gratiot County,MI,41018,26057
Hillsdale County,MI,45879,26059
Houghton County,MI,36305,26061
Huron County,MI,31280,26063
Ingham County,MI,290186,26065
Ionia County,MI,64291,26067
Iosco County,MI,25162,26069
Iron County,MI,11124,26071
Isabella County,MI,71063,26073
Jackson County,MI,158640,26075
Kalamazoo County,MI,262985,26077
Kalkaska County,MI,17634,26079
Kent County,MI,648594,26081
Keweenaw County,MI,2105,26083
Lake County,MI,12013,26085
Lapeer County,MI,88174,26087
Leelanau County,MI,21657,26089
Lenawee County,MI,98623,26091
Livingston County,MI,189651,26093
Luce County,MI,6358,26095
Mackinac County,MI,10712,26097
Macomb County,MI,871375,26099
Manistee County,MI,24427,26101
Marquette County,MI,66502,26103
Mason County,MI,29073,26105
Mecosta County,MI,43391,26107
Menominee County,MI,23046,26109
Midland County,MI,83411,26111
Missaukee County,MI,14998,26113
Monroe County,MI,149649,26115
Montcalm County,MI,63550,26117
Montmorency County,MI,9250,26119
Muskegon County,MI,173693,26121
Newaygo County,MI,48242,26123
Oakland County,MI,1250836,26125
Oceana County,MI,26442,26127
Ogemaw County,MI,20981,26129
Ontonagon County,MI,5881,26131
Osceola County,MI,23260,26133
Oscoda County,MI,8287,26135
Otsego County,MI,24538,26137
Ottawa County,MI,286383,26139
Presque Isle County,MI,12791,26141
Roscommon County,MI,23895,26143
Saginaw County,MI,191934,26145
St. Clair County,MI,159350,26147
St. Joseph County,MI,60947,26149
Sanilac County,MI,41269,26151
Schoolcraft County,MI,8049,26153
Shiawassee County,MI,68446,26155
Tuscola County,MI,52764,26157
Van Buren County,MI,75353,26159
Washtenaw County,MI,367627,26161
Wayne County,MI,1753616,26163
Wexford County,MI,33276,26165
Minnesota,MN,5576606,
Aitkin County,MN,15829,27001
Anoka County,MN,351373,27003
Becker County,MN,34098,27005
Beltrami County,MN,46513,27007
Benton County,MN,39937,27009
Big Stone County,MN,5026,27011
Blue Earth County,MN,66973,27013
Brown County,MN,25194,27015
Carlton County,MN,35498,27017
Carver County,MN,102119,27019
Cass County,MN,29355,27021
Chippewa County,MN,11980,27023
Chisago County,MN,55308,27025
Clay County,MN,63569,27027
Clearwater County,MN,8878,27029
Cook County,MN,5398,27031
Cottonwood County,MN,11295,27033
Crow Wing County,MN,64424,27035
Dakota County,MN,421751,27037
Dodge County,MN,20762,27039
Douglas County,MN,37575,27041
Faribault County,MN,13784,27043
Fillmore County,MN,20980,27045
Freeborn County,MN,30535,27047
Goodhue County,MN,46304,27049
Grant County,MN,5941,27051
Hennepin County,MN,1252024,27053
Houston County,MN,18660,27055
Hubbard County,MN,21018,27057
Isanti County,MN,39582,27059
Itasca County,MN,45137,27061
Jackson County,MN,9946,27063
Kanabec County,MN,16024,27065
Kandiyohi County,MN,42743,27067
Kittson County,MN,4250,27069
Koochiching County,MN,12528,27071
Lac qui Parle County,MN,6685,27073
Lake County,MN,10524,27075
Lake of the Woods County,MN,3744,27077
Le Sueur County,MN,28111,27079
Lincoln County,MN,5678,27081
Lyon County,MN,25831,27083
McLeod County,MN,35884,27085
Mahnomen County,MN,5596,27087
Marshall County,MN,9356,27089
Martin County,MN,19850,27091
Meeker County,MN,23131,27093
Mille Lacs County,MN,25872,27095
Morrison County,MN,33064,27097
Mower County,MN,39566,27099
Murray County,MN,8346,27101
Nicollet County,MN,33966,27103
Nobles County,MN,21944,27105
Norman County,MN,6597,27107
Olmsted County,MN,154930,27109
Otter Tail County,MN,58345,27111
Pennington County,MN,14238,27113
Pine County,MN,29203,27115
Pipestone County,MN,9087,27117
Polk County,MN,31619,27119
Pope County,MN,10970,27121
Ramsey County,MN,547974,27123
Red Lake County,MN,4030,27125
Redwood County,MN,15272,27127
Renville County,MN,14645,27129
Rice County,MN,65968,27131
Rock County,MN,9490,27133
Roseau County,MN,15327,27135
St. Louis County,MN,200000,27137
Scott County,MN,145827,27139
Sherburne County,MN,94570,27141
Sibley County,MN,14869,27143
Stearns County,MN,157822,27145
Steele County,MN,36887,27147
Stevens County,MN,9634,27149
Swift County,MN,9407,27151
Todd County,MN,24515,27153
Traverse County,MN,3319,27155
Wabasha County,MN,21608,27157
Wadena County,MN,13669,27159
Waseca County,MN,18787,27161
Washington County,MN,256348,27163
Watonwan County,MN,10840,27165
Wilkin County,MN,6324,27167
Winona County,MN,50873,27169
Wright County,MN,134286,27171
Yellow Medicine County,MN,9867,27173
Mississippi,MS,2984100,
Adams County,MS,31003,28001
Alcorn County,MS,37210,28003
Amite County,MS,12447,28005
Attala County,MS,18477,28007
Benton County,MS,8312,28009
Bolivar County,MS,31945,28011
Calhoun County,MS,14492,28013
Carroll County,MS,10139,28015
Chickasaw County,MS,17146,28017
Choctaw County,MS,8278,28019
Claiborne County,MS,8950,28021
Clarke County,MS,15828,28023
Clay County,MS,19640,28025
Coahoma County,MS,23154,28027
Copiah County,MS,28516,28029
Covington County,MS,19079,28031
DeSoto County,MS,178751,28033
Forrest County,MS,75471,28035
Franklin County,MS,7765,28037
George County,MS,24094,28039
Greene County,MS,13345,28041
Grenada County,MS,21087,28043
Hancock County,MS,47053,28045
Harrison County,MS,205027,28047
Hinds County,MS,239497,28049
Holmes County,MS,17739,28051
Humphreys County,MS,8342,28053
Issaquena County,MS,1339,28055
Itawamba County,MS,23508,28057
Jackson County,MS,142152,28059
Jasper County,MS,16582,28061
Jefferson County,MS,7262,28063
Jefferson Davis County,MS,11314,28065
Jones County,MS,67930,28067
Kemper County,MS,9883,28069
Lafayette County,MS,54374,28071
Lamar County,MS,61374,28073
Lauderdale County,MS,76155,28075
Lawrence County,MS,12643,28077
Leake County,MS,22715,28079
Lee County,MS,84933,28081
Leflore County,MS,29223,28083
Lincoln County,MS,34347,28085
Lowndes County,MS,59186,28087
Madison County,MS,104618,28089
Marion County,MS,25069,28091
Marshall County,MS,35619,28093
Monroe County,MS,35872,28095
Montgomery County,MS,10173,28097
Neshoba County,MS,29369,28099
Newton County,MS,21185,28101
Noxubee County,MS,10742,28103
Oktibbeha County,MS,49799,28105
Panola County,MS,33994,28107
Pearl River County,MS,55270,28109
Perry County,MS,12032,28111
Pike County,MS,39468,28113
Pontotoc County,MS,31640,28115
Prentiss County,MS,25261,28117
Quitman County,MS,7269,28119
Rankin County,MS,152080,28121
Scott County,MS,28420,28123
Sharkey County,MS,4435,28125
Simpson County,MS,26947,28127
Smith County,MS,16078,28129
Stone County,MS,18112,28131
Sunflower County,MS,25981,28133
Tallahatchie County,MS,14125,28135
Tate County,MS,28441,28137
Tippah County,MS,21969,28139
Tishomingo County,MS,19542,28141
Tunica County,MS,10024,28143
Union County,MS,28556,28145
Walthall County,MS,14499,28147
Warren County,MS,46768,28149
Washington County,MS,46221,28151
Wayne County,MS,20446,28153
Webster County,MS,9765,28155
Wilkinson County,MS,8804,28157
Winston County,MS,18246,28159
Yalobusha County,MS,12497,28161
Yazoo County,MS,27057,28163
Missouri,MO,6113532,
Adair County,MO,25377,29001
Andrew County,MO,17555,29003
Atchison County,MO,5275,29005
Audrain County,MO,25641,29007
Barry County,MO,35668,29009
Barton County,MO,11850,29011
Bates County,MO,16334,29013
Benton County,MO,19074,29015
Bollinger County,MO,12306,29017
Boone County,MO,178271,29019
Buchanan County,MO,89065,29021
Butler County,MO,42666,29023
Caldwell County,MO,9100,29025
Callaway County,MO,45032,29027
Camden County,MO,45632,29029
Cape Girardeau County,MO,78161,29031
Carroll County,MO,8796,29033
Carter County,MO,6169,29035
Cass County,MO,103724,29037
Cedar County,MO,14073,29039
Chariton County,MO,7480,29041
Christian County,MO,85432,29043
Clark County,MO,6723,29045
Clay County,MO,242874,29047
Clinton County,MO,20554,29049
Cole County,MO,76708,29051
Cooper County,MO,17644,29053
Crawford County,MO,24102,29055
Dade County,MO,7588,29057
Dallas County,MO,16673,29059
Daviess County,MO,8361,29061
DeKalb County,MO,12588,29063
Dent County,MO,15480,29065
Douglas County,MO,13300,29067
Dunklin County,MO,30119,29069
Franklin County,MO,103330,29071
Gasconade County,MO,14726,29073
Gentry County,MO,6665,29075
Greene County,MO,289805,29077
Grundy County,MO,9949,29079
Harrison County,MO,8524,29081
Henry County,MO,21718,29083
Hickory County,MO,9475,29085
Holt County,MO,4413,29087
Howard County,MO,10139,29089
Howell County,MO,40103,29091
Iron County,MO,10226,29093
Jackson County,MO,698895,29095
Jasper County,MO,120217,29097
Jefferson County,MO,223810,29099
Johnson County,MO,53897,29101
Knox County,MO,3977,29103
Laclede County,MO,35443,29105
Lafayette County,MO,32641,29107
Lawrence County,MO,38434,29109
Lewis County,MO,9967,29111
Lincoln County,MO,56183,29113
Linn County,MO,12194,29115
Livingston County,MO,15173,29117
McDonald County,MO,22828,29119
Macon County,MO,15251,29121
Madison County,MO,12243,29123
Maries County,MO,8867,29125
Marion County,MO,28634,29127
Mercer County,MO,3678,29129
Miller County,MO,25228,29131
Mississippi County,MO,13586,29133
Moniteau County,MO,16063,29135
Monroe County,MO,8612,29137
Montgomery County,MO,11438,29139
Morgan County,MO,20145,29141
New Madrid County,MO,17582,29143
Newton County,MO,58290,29145
Nodaway County,MO,22472,29147
Oregon County,MO,10558,29149
Osage County,MO,13662,29151
Ozark County,MO,9186,29153
Pemiscot County,MO,16826,29155
Perry County,MO,19225,29157
Pettis County,MO,42558,29159
Phelps County,MO,44744,29161
Pike County,MO,18567,29163
Platte County,MO,101187,29165
Polk County,MO,31794,29167
Pulaski County,MO,52059,29169
Putnam County,MO,4811,29171
Ralls County,MO,10224,29173
Randolph County,MO,24945,29175
Ray County,MO,22855,29177
Reynolds County,MO,6275,29179
Ripley County,MO,13564,29181
St. Charles County,MO,395504,29183
St. Clair County,MO,9362,29185
Ste. Genevieve County,MO,17843,29186
St. Francois County,MO,66705,29187
St. Louis County,MO,996726,29189
Saline County,MO,22660,29195
Schuyler County,MO,4508,29197
Scotland County,MO,4963,29199
Scott County,MO,38541,29201
Shannon County,MO,8249,29203
Shelby County,MO,6021,29205
Stoddard County,MO,29369,29207
Stone County,MO,31699,29209
Sullivan County,MO,6229,29211
Taney County,MO,55355,29213
Texas County,MO,25735,29215
Vernon County,MO,20437,29217
Warren County,MO,34373,29219
Washington County,MO,25022,29221
Wayne County,MO,13296,29223
Webster County,MO,38665,29225
Worth County,MO,2057,29227
Wright County,MO,18331,29229
St. Louis city,MO,308626,29510
Montana,MT,1050493,
Beaverhead County,MT,9434,30001
Big Horn County,MT,13360,30003
Blaine County,MT,6708,30005
Broadwater County,MT,5936,30007
Carbon County,MT,10696,30009
Carter County,MT,1222,30011
Cascade County,MT,81654,30013
Chouteau County,MT,5765,30015
Custer County,MT,11721,30017
Daniels County,MT,1737,30019
Dawson County,MT,8950,30021
Deer Lodge County,MT,9106,30023
Fallon County,MT,3009,30025
Fergus County,MT,11291,30027
Flathead County,MT,100000,30029
Gallatin County,MT,107810,30031
Garfield County,MT,1293,30033
Glacier County,MT,13640,30035
Golden Valley County,MT,822,30037
Granite County,MT,3358,30039
Hill County,MT,16463,30041
Jefferson County,MT,11891,30043
Judith Basin County,MT,1961,30045
Lake County,MT,30273,30047
Lewis and Clark County,MT,67773,30049
Liberty County,MT,2427,30051
Lincoln County,MT,19440,30053
McCone County,MT,1718,30055
Madison County,MT,8175,30057
Meagher County,MT,1851,30059
Mineral County,MT,4255,30061
Missoula County,MT,117441,30063
Musselshell County,MT,4639,30065
Park County,MT,16353,30067
Petroleum County,MT,523,30069
Phillips County,MT,4119,30071
Pondera County,MT,5960,30073
Powder River County,MT,1752,30075
Powell County,MT,6795,30077
Prairie County,MT,1109,30079
Ravalli County,MT,42563,30081
Richland County,MT,11039,30083
Roosevelt County,MT,11098,30085
Rosebud County,MT,9248,30087
Sanders County,MT,11711,30089
Sheridan County,MT,3469,30091
Silver Bow County,MT,34602,30093
Stillwater County,MT,9419,30095
Sweet Grass County,MT,3691,30097
Teton County,MT,6085,30099
Toole County,MT,4886,30101
Treasure County,MT,679,30103
Valley County,MT,7433,30105
Wheatland County,MT,2140,30107
Wibaux County,MT,1020,30109
Yellowstone County,MT,158980,30111
Nebraska,NE,1920076,
Adams County,NE,31678,31001
Antelope County,NE,6362,31003
Arthur County,NE,457,31005
Banner County,NE,742,31007
Blaine County,NE,482,31009
Boone County,NE,5352,31011
Box Butte County,NE,10886,31013
Boyd County,NE,1977,31015
Brown County,NE,3014,31017
Buffalo County,NE,49732,31019
Burt County,NE,6535,31021
Butler County,NE,8053,31023
Cass County,NE,25889,31025
Cedar County,NE,8530,31027
Chase County,NE,3971,31029
Cherry County,NE,5818,31031
Cheyenne County,NE,9676,31033
Clay County,NE,6205,31035
Colfax County,NE,10585,31037
Cuming County,NE,9042,31039
Custer County,NE,10897,31041
Dakota County,NE,20186,31043
Dawes County,NE,8890,31045
Dawson County,NE,23709,31047
Deuel County,NE,1883,31049
Dixon County,NE,5754,31051
Dodge County,NE,36707,31053
Douglas County,NE,561620,31055
Dundy County,NE,1801,31057
Fillmore County,NE,5582,31059
Franklin County,NE,2990,31061
Frontier County,NE,2631,31063
Furnas County,NE,4780,31065
Gage County,NE,21601,31067
Garden County,NE,1906,31069
Garfield County,NE,2016,31071
Gosper County,NE,2028,31073
Grant County,NE,649,31075
Greeley County,NE,2374,31077
Hall County,NE,61519,31079
Hamilton County,NE,9207,31081
Harlan County,NE,3443,31083
Hayes County,NE,893,31085
Hitchcock County,NE,2834,31087
Holt County,NE,10202,31089
Hooker County,NE,674,31091
Howard County,NE,6437,31093
Jefferson County,NE,7178,31095
Johnson County,NE,5185,31097
Kearney County,NE,6530,31099
Keith County,NE,8072,31101
Keya Paha County,NE,793,31103
Kimball County,NE,3619,31105
Knox County,NE,8472,31107
Lancaster County,NE,314358,31109
Lincoln County,NE,35280,31111
Logan County,NE,768,31113
Loup County,NE,609,31115
McPherson County,NE,499,31117
Madison County,NE,35144,31119
Merrick County,NE,7882,31121
Morrill County,NE,4836,31123
Nance County,NE,3607,31125
Nemaha County,NE,6949,31127
Nuckolls County,NE,4275,31129
Otoe County,NE,16027,31131
Pawnee County,NE,2641,31133
Perkins County,NE,2903,31135
Phelps County,NE,9060,31137
Pierce County,NE,7138,31139
Platte County,NE,33175,31141
Polk County,NE,5328,31143
Red Willow County,NE,10728,31145
Richardson County,NE,7969,31147
Rock County,NE,1436,31149
Saline County,NE,14441,31151
Sarpy County,NE,181439,31153
Saunders County,NE,21057,31155
Scotts Bluff County,NE,36363,31157
Seward County,NE,17161,31159
Sheridan County,NE,5289,31161
Sherman County,NE,3086,31163
Sioux County,NE,1203,31165
Stanton County,NE,5988,31167
Thayer County,NE,5045,31169
Thomas County,NE,725,31171
Thurston County,NE,7223,31173
Valley County,NE,4209,31175
Washington County,NE,20721,31177
Wayne County,NE,9318,31179
Webster County,NE,3524,31181
Wheeler County,NE,818,31183
York County,NE,13806,31185
Nevada,NV,2998039,
Churchill County,NV,24230,32001
Clark County,NV,2204079,32003
Douglas County,NV,48309,32005
Elko County,NV,52649,32007
Esmeralda County,NV,850,32009
Eureka County,NV,1961,32011
Humboldt County,NV,16826,32013
Lander County,NV,5693,32015
Lincoln County,NV,5223,32017
Lyon County,NV,54122,32019
Mineral County,NV,4457,32021
Nye County,NV,44202,32023
Pershing County,NV,6508,32027
Storey County,NV,4006,32029
Washoe County,NV,460587,32031
White Pine County,NV,9592,32033
Carson City,NV,54745,32510
New Hampshire,NH,1342795,
Belknap County,NH,60785,33001
Carroll County,NH,48064,33003
Cheshire County,NH,75960,33005
Coos County,NH,31634,33007
Grafton County,NH,89386,33009
Hillsborough County,NH,409697,33011
Merrimack County,NH,149216,33013
Rockingham County,NH,306363,33015
Strafford County,NH,128613,33017
Sullivan County,NH,43077,33019
New Jersey,NJ,9005644,
Atlantic County,NJ,269918,34001
Bergen County,NJ,948406,34003
Burlington County,NJ,448596,34005
Camden County,NJ,510719,34007
Cape May County,NJ,93553,34009
Cumberland County,NJ,152538,34011
Essex County,NJ,808285,34013
Gloucester County,NJ,292206,34015
Hudson County,NJ,691643,34017
Hunterdon County,NJ,125059,34019
Mercer County,NJ,374733,34021
Middlesex County,NJ,842798,34023
Monmouth County,NJ,626351,34025
Morris County,NJ,499693,34027
Ocean County,NJ,597943,34029
Passaic County,NJ,512607,34031
Salem County,NJ,62792,34033
Somerset County,NJ,335432,34035
Sussex County,NJ,141682,34037
Union County,NJ,563892,34039
Warren County,NJ,106798,34041
New Mexico,NM,2088070,
Bernalillo County,NM,676773,35001
Catron County,NM,3587,35003
Chaves County,NM,64866,35005
Cibola County,NM,26853,35006
Colfax County,NM,12174,35007
Curry County,NM,49812,35009
De Baca County,NM,1829,35011
Doa Ana County,NM,215579,
Eddy County,NM,56997,35015
Grant County,NM,27687,35017
Guadalupe County,NM,4429,35019
Harding County,NM,692,35021
Hidalgo County,NM,4305,35023
Lea County,NM,68759,35025
Lincoln County,NM,19395,35027
Los Alamos County,NM,18738,35028
Luna County,NM,24078,35029
McKinley County,NM,72564,35031
Mora County,NM,4551,35033
Otero County,NM,65817,35035
Quay County,NM,8306,35037
Rio Arriba County,NM,39159,35039
Roosevelt County,NM,18847,35041
Sandoval County,NM,142507,35043
San Juan County,NM,126926,35045
San Miguel County,NM,27748,35047
Santa Fe County,NM,148750,35049
Sierra County,NM,11116,35051
Socorro County,NM,16798,35053
Taos County,NM,32795,35055
Torrance County,NM,15506,35057
Union County,NM,4187,35059
Valencia County,NM,75940,35061
New York,NY,19849399,
Albany County,NY,309612,36001
Allegany County,NY,46894,36003
Bronx County,NY,1471160,36005
Broome County,NY,193639,36007
Cattaraugus County,NY,77348,36009
Cayuga County,NY,77603,36011
Chautauqua County,NY,129046,36013
Chemung County,NY,85557,36015
Chenango County,NY,47863,36017
Clinton County,NY,80980,36019
Columbia County,NY,60604,36021
Cortland County,NY,47786,36023
Delaware County,NY,45001,36025
Dutchess County,NY,295568,36027
Erie County,NY,925528,36029
Essex County,NY,37956,36031
Franklin County,NY,51116,36033
Fulton County,NY,53877,36035
Genesee County,NY,57956,36037
Greene County,NY,47470,36039
Hamilton County,NY,4485,36041
Herkimer County,NY,62240,36043
Jefferson County,NY,114187,36045
Kings County,NY,2648771,36047
Lewis County,NY,26551,36049
Livingston County,NY,63799,36051
Madison County,NY,70965,36053
Monroe County,NY,747642,36055
Montgomery County,NY,49258,36057
Nassau County,NY,1369514,36059
New York County,NY,1664727,36061
Niagara County,NY,211328,36063
Oneida County,NY,231332,36065
Onondaga County,NY,465398,36067
Ontario County,NY,109899,36069
Orange County,NY,382226,36071
Orleans County,NY,40983,36073
Oswego County,NY,118478,36075
Otsego County,NY,60094,36077
Putnam County,NY,99323,36079
Queens County,NY,2358582,36081
Rensselaer County,NY,159722,36083
Richmond County,NY,479458,36085
Rockland County,NY,328868,36087
St. Lawrence County,NY,109623,36089
Saratoga County,NY,229869,36091
Schenectady County,NY,155565,36093
Schoharie County,NY,31420,36095
Schuyler County,NY,18000,36097
Seneca County,NY,34498,36099
Steuben County,NY,96281,36101
Suffolk County,NY,1492953,36103
Sullivan County,NY,75485,36105
Tioga County,NY,48578,36107
Tompkins County,NY,104802,36109
Ulster County,NY,179417,36111
Warren County,NY,64532,36113
Washington County,NY,61620,36115
Wayne County,NY,90670,36117
Westchester County,NY,980244,36119
Wyoming County,NY,40493,36121
Yates County,NY,24955,36123
North Carolina,NC,10273419,
Alamance County,NC,162391,37001
Alexander County,NC,37286,37003
Alleghany County,NC,11031,37005
Anson County,NC,24991,37007
Ashe County,NC,26957,37009
Avery County,NC,17536,37011
Beaufort County,NC,47088,37013
Bertie County,NC,19224,37015
Bladen County,NC,33478,37017
Brunswick County,NC,130897,37019
Buncombe County,NC,257607,37021
Burke County,NC,89293,37023
Cabarrus County,NC,206872,37025
Caldwell County,NC,81981,37027
Camden County,NC,10581,37029
Carteret County,NC,68881,37031
Caswell County,NC,22646,37033
Catawba County,NC,157974,37035
Chatham County,NC,71472,37037
Cherokee County,NC,28087,37039
Chowan County,NC,14105,37041
Clay County,NC,11074,37043
Cleveland County,NC,97334,37045
Columbus County,NC,55936,37047
Craven County,NC,102578,37049
Cumberland County,NC,332546,37051
Currituck County,NC,26331,37053
Dare County,NC,36099,37055
Davidson County,NC,165466,37057
Davie County,NC,42456,37059
Duplin County,NC,59039,37061
Durham County,NC,311640,37063
Edgecombe County,NC,52747,37065
Forsyth County,NC,376320,37067
Franklin County,NC,66168,37069
Gaston County,NC,220182,37071
Gates County,NC,11544,37073
Graham County,NC,8541,37075
Granville County,NC,59557,37077
Greene County,NC,21015,37079
Guilford County,NC,526953,37081
Halifax County,NC,51310,37083
Harnett County,NC,132754,37085
Haywood County,NC,61084,37087
Henderson County,NC,115708,37089
Hertford County,NC,23906,37091
Hoke County,NC,54116,37093
Hyde County,NC,5363,37095
Iredell County,NC,175711,37097
Jackson County,NC,42973,37099
Johnston County,NC,196708,37101
Jones County,NC,9597,37103
Lee County,NC,60430,37105
Lenoir County,NC,56883,37107
Lincoln County,NC,82403,37109
McDowell County,NC,45159,37111
Macon County,NC,34732,37113
Madison County,NC,21746,37115
Martin County,NC,22789,37117
Mecklenburg County,NC,1076837,37119
Mitchell County,NC,15072,37121
Montgomery County,NC,27435,37123
Moore County,NC,97264,37125
Nash County,NC,93991,37127
New Hanover County,NC,227198,37129
Northampton County,NC,19862,37131
Onslow County,NC,193893,37133
Orange County,NC,144946,37135
Pamlico County,NC,12689,37137
Pasquotank County,NC,39743,37139
Pender County,NC,60958,37141
Perquimans County,NC,13474,37143
Person County,NC,39370,37145
Pitt County,NC,179042,37147
Polk County,NC,20558,37149
Randolph County,NC,143282,37151
Richmond County,NC,44798,37153
Robeson County,NC,132606,37155
Rockingham County,NC,90949,37157
Rowan County,NC,140644,37159
Rutherford County,NC,66551,37161
Sampson County,NC,63430,37163
Scotland County,NC,35093,37165
Stanly County,NC,61482,37167
Stokes County,NC,45717,37169
Surry County,NC,72224,37171
Swain County,NC,14294,37173
Transylvania County,NC,33956,37175
Tyrrell County,NC,4052,37177
Union County,NC,231366,37179
Vance County,NC,44211,37181
Wake County,NC,1072203,37183
Warren County,NC,19883,37185
Washington County,NC,12012,37187
Watauga County,NC,55121,37189
Wayne County,NC,124172,37191
Wilkes County,NC,68576,37193
Wilson County,NC,81671,37195
Yadkin County,NC,37774,37197
Yancey County,NC,17744,37199
North Dakota,ND,755393,
Adams County,ND,2318,38001
Barnes County,ND,10734,38003
Benson County,ND,6936,38005
Billings County,ND,940,38007
Bottineau County,ND,6530,38009
Bowman County,ND,3166,38011
Burke County,ND,2131,38013
Burleigh County,ND,95030,38015
Cass County,ND,177787,38017
Cavalier County,ND,3762,38019
Dickey County,ND,4861,38021
Divide County,ND,2288,38023
Dunn County,ND,4289,38025
Eddy County,ND,2316,38027
Emmons County,ND,3301,38029
Foster County,ND,3257,38031
Golden Valley County,ND,1789,38033
Grand Forks County,ND,70795,38035
Grant County,ND,2376,38037
Griggs County,ND,2258,38039
Hettinger County,ND,2483,38041
Kidder County,ND,2482,38043
LaMoure County,ND,4087,38045
Logan County,ND,1918,38047
McHenry County,ND,5900,38049
McIntosh County,ND,2606,38051
McKenzie County,ND,12724,38053
McLean County,ND,9685,38055
Mercer County,ND,8465,38057
Morton County,ND,30796,38059
Mountrail County,ND,10265,38061
Nelson County,ND,2937,38063
Oliver County,ND,1940,38065
Pembina County,ND,6972,38067
Pierce County,ND,4099,38069
Ramsey County,ND,11519,38071
Ransom County,ND,5297,38073
Renville County,ND,2463,38075
Richland County,ND,16351,38077
Rolette County,ND,14531,38079
Sargent County,ND,3858,38081
Sheridan County,ND,1353,38083
Sioux County,ND,4376,38085
Slope County,ND,771,38087
Stark County,ND,30209,38089
Steele County,ND,1917,38091
Stutsman County,ND,21087,38093
Towner County,ND,2253,38095
Traill County,ND,8013,38097
Walsh County,ND,10855,38099
Ward County,ND,68946,38101
Wells County,ND,4022,38103
Williams County,ND,33349,38105
Ohio,OH,11658609,
Adams County,OH,27726,39001
Allen County,OH,103198,39003
Ashland County,OH,53628,39005
Ashtabula County,OH,97807,39007
Athens County,OH,66597,39009
Auglaize County,OH,45778,39011
Belmont County,OH,68029,39013
Brown County,OH,43576,39015
Butler County,OH,380604,39017
Carroll County,OH,27385,39019
Champaign County,OH,38840,39021
Clark County,OH,134557,39023
Clermont County,OH,204214,39025
Clinton County,OH,42009,39027
Columbiana County,OH,103077,39029
Coshocton County,OH,36544,39031
Crawford County,OH,41746,39033
Cuyahoga County,OH,1248514,39035
Darke County,OH,51536,39037
Defiance County,OH,38156,39039
Delaware County,OH,200464,39041
Erie County,OH,74817,39043
Fairfield County,OH,154733,39045
Fayette County,OH,28752,39047
Franklin County,OH,1291981,39049
Fulton County,OH,42289,39051
Gallia County,OH,29973,39053
Geauga County,OH,93918,39055
Greene County,OH,166752,39057
Guernsey County,OH,39093,39059
Hamilton County,OH,813822,39061
Hancock County,OH,75754,39063
Hardin County,OH,31364,39065
Harrison County,OH,15216,39067
Henry County,OH,27185,39069
Highland County,OH,42971,39071
Hocking County,OH,28474,39073
Holmes County,OH,43957,39075
Huron County,OH,58494,39077
Jackson County,OH,32449,39079
Jefferson County,OH,66359,39081
Knox County,OH,61261,39083
Lake County,OH,230117,39085
Lawrence County,OH,60249,39087
Licking County,OH,173448,39089
Logan County,OH,45325,39091
Lorain County,OH,307924,39093
Lucas County,OH,430887,39095
Madison County,OH,44036,39097
Mahoning County,OH,229796,39099
Marion County,OH,64967,39101
Medina County,OH,178371,39103
Meigs County,OH,23080,39105
Mercer County,OH,40873,39107
Miami County,OH,105122,39109
Monroe County,OH,13946,39111
Montgomery County,OH,531542,39113
Morgan County,OH,14709,39115
Morrow County,OH,34994,39117
Muskingum County,OH,86149,39119
Noble County,OH,14406,39121
Ottawa County,OH,40657,39123
Paulding County,OH,18845,39125
Perry County,OH,36024,39127
Pickaway County,OH,57830,39129
Pike County,OH,28270,39131
Portage County,OH,162277,39133
Preble County,OH,41120,39135
Putnam County,OH,33878,39137
Richland County,OH,120589,39139
Ross County,OH,77313,39141
Sandusky County,OH,59195,39143
Scioto County,OH,75929,39145
Seneca County,OH,55243,39147
Shelby County,OH,48759,39149
Stark County,OH,372542,39151
Summit County,OH,541228,39153
Trumbull County,OH,200380,39155
Tuscarawas County,OH,92297,39157
Union County,OH,56741,39159
Van Wert County,OH,28217,39161
Vinton County,OH,13092,39163
Warren County,OH,228882,39165
Washington County,OH,60418,39167
Wayne County,OH,116038,39169
Williams County,OH,36784,39171
Wood County,OH,130492,39173
Wyandot County,OH,22029,39175
Oklahoma,OK,3930864,
Adair County,OK,21909,40001
Alfalfa County,OK,5907,40003
Atoka County,OK,13887,40005
Beaver County,OK,5315,40007
Beckham County,OK,21793,40009
Blaine County,OK,9498,40011
Bryan County,OK,46319,40013
Caddo County,OK,29173,40015
Canadian County,OK,139926,40017
Carter County,OK,48190,40019
Cherokee County,OK,48888,40021
Choctaw County,OK,14863,40023
Cimarron County,OK,2154,40025
Cleveland County,OK,279641,40027
Coal County,OK,5642,40029
Comanche County,OK,121526,40031
Cotton County,OK,5823,40033
Craig County,OK,14327,40035
Creek County,OK,71704,40037
Custer County,OK,28800,40039
Delaware County,OK,42602,40041
Dewey County,OK,4878,40043
Ellis County,OK,3966,40045
Garfield County,OK,61581,40047
Garvin County,OK,27909,40049
Grady County,OK,54943,40051
Grant County,OK,4395,40053
Greer County,OK,5843,40055
Harmon County,OK,2689,40057
Harper County,OK,3808,40059
Haskell County,OK,12763,40061
Hughes County,OK,13302,40063
Jackson County,OK,25125,40065
Jefferson County,OK,6183,40067
Johnston County,OK,11060,40069
Kay County,OK,44544,40071
Kingfisher County,OK,15669,40073
Kiowa County,OK,8893,40075
Latimer County,OK,10411,40077
Le Flore County,OK,49731,40079
Lincoln County,OK,35142,40081
Logan County,OK,46784,40083
Love County,OK,10034,40085
McClain County,OK,39343,40087
McCurtain County,OK,32808,40089
McIntosh County,OK,19742,40091
Major County,OK,7693,40093
Marshall County,OK,16434,40095
Mayes County,OK,40921,40097
Murray County,OK,13853,40099
Muskogee County,OK,69086,40101
Noble County,OK,11277,40103
Nowata County,OK,10306,40105
Okfuskee County,OK,12140,40107
Oklahoma County,OK,787958,40109
Okmulgee County,OK,38930,40111
Osage County,OK,47233,40113
Ottawa County,OK,31312,40115
Pawnee County,OK,16472,40117
Payne County,OK,81575,40119
Pittsburg County,OK,44184,40121
Pontotoc County,OK,38224,40123
Pottawatomie County,OK,72226,40125
Pushmataha County,OK,11173,40127
Roger Mills County,OK,3716,40129
Rogers County,OK,91444,40131
Seminole County,OK,24878,40133
Sequoyah County,OK,41252,40135
Stephens County,OK,43332,40137
Texas County,OK,20900,40139
Tillman County,OK,7433,40141
Tulsa County,OK,646266,40143
Wagoner County,OK,78657,40145
Washington County,OK,51932,40147
Washita County,OK,11134,40149
Woods County,OK,9031,40151
Woodward County,OK,20459,40153
Oregon,OR,4142776,
Baker County,OR,16054,41001
Benton County,OR,90951,41003
Clackamas County,OR,412672,41005
Clatsop County,OR,39182,41007
Columbia County,OR,51782,41009
Coos County,OR,63888,41011
Crook County,OR,23123,41013
Curry County,OR,22669,41015
Deschutes County,OR,186875,41017
Douglas County,OR,109405,41019
Gilliam County,OR,1855,41021
Grant County,OR,7190,41023
Harney County,OR,7289,41025
Hood River County,OR,23377,41027
Jackson County,OR,217479,41029
Jefferson County,OR,23758,41031
Josephine County,OR,86352,41033
Klamath County,OR,66935,41035
Lake County,OR,7863,41037
Lane County,OR,374748,41039
Lincoln County,OR,48920,41041
Linn County,OR,125047,41043
Malheur County,OR,30480,41045
Marion County,OR,341286,41047
Morrow County,OR,11166,41049
Multnomah County,OR,807555,41051
Polk County,OR,83696,41053
Sherman County,OR,1758,41055
Tillamook County,OR,26690,41057
Umatilla County,OR,76985,41059
Union County,OR,26222,41061
Wallowa County,OR,7051,41063
Wasco County,OR,26437,41065
Washington County,OR,588957,41067
Wheeler County,OR,1357,41069
Yamhill County,OR,105722,41071
Pennsylvania,PA,12805537,
Adams County,PA,102336,42001
Allegheny County,PA,1223048,42003
Armstrong County,PA,65642,42005
Beaver County,PA,166140,42007
Bedford County,PA,48480,42009
Berks County,PA,417854,42011
Blair County,PA,123457,42013
Bradford County,PA,60853,42015
Bucks County,PA,628341,42017
Butler County,PA,187108,42019
Cambria County,PA,133054,42021
Cameron County,PA,4592,42023
Carbon County,PA,63853,42025
Centre County,PA,162660,42027
Chester County,PA,519293,42029
Clarion County,PA,38458,42031
Clearfield County,PA,79685,42033
Clinton County,PA,38998,42035
Columbia County,PA,65932,42037
Crawford County,PA,86159,42039
Cumberland County,PA,250066,42041
Dauphin County,PA,275710,42043
Delaware County,PA,564696,42045
Elk County,PA,30197,42047
Erie County,PA,274541,42049
Fayette County,PA,131504,42051
Forest County,PA,7297,42053
Franklin County,PA,154234,42055
Fulton County,PA,14590,42057
Greene County,PA,36770,42059
Huntingdon County,PA,45491,42061
Indiana County,PA,84953,42063
Jefferson County,PA,43804,42065
Juniata County,PA,24514,42067
Lackawanna County,PA,210761,42069
Lancaster County,PA,542903,42071
Lawrence County,PA,87069,42073
Lebanon County,PA,139754,42075
Lehigh County,PA,366494,42077
Luzerne County,PA,317343,42079
Lycoming County,PA,113841,42081
McKean County,PA,41330,42083
Mercer County,PA,111750,42085
Mifflin County,PA,46388,42087
Monroe County,PA,168046,42089
Montgomery County,PA,826075,42091
Montour County,PA,18272,42093
Northampton County,PA,303405,42095
Northumberland County,PA,92029,42097
Perry County,PA,46127,42099
Philadelphia County,PA,1580863,42101
Pike County,PA,55691,42103
Potter County,PA,16802,42105
Schuylkill County,PA,142569,42107
Snyder County,PA,40801,42109
Somerset County,PA,74501,42111
Sullivan County,PA,6089,42113
Susquehanna County,PA,40985,42115
Tioga County,PA,40793,42117
Union County,PA,44595,42119
Venango County,PA,51762,42121
Warren County,PA,39659,42123
Washington County,PA,207298,42125
Wayne County,PA,51205,42127
Westmoreland County,PA,352627,42129
Wyoming County,PA,27322,42131
York County,PA,446078,42133
Rhode Island,RI,1059639,
Bristol County,RI,48912,44001
Kent County,RI,163760,44003
Newport County,RI,83460,44005
Providence County,RI,637357,44007
Washington County,RI,126150,44009
South Carolina,SC,5024369,
Abbeville County,SC,24722,45001
Aiken County,SC,168179,45003
Allendale County,SC,9002,45005
Anderson County,SC,198759,45007
Bamberg County,SC,14381,45009
Barnwell County,SC,21345,45011
Beaufort County,SC,186844,45013
Berkeley County,SC,217937,45015
Calhoun County,SC,14704,45017
Charleston County,SC,401438,45019
Cherokee County,SC,57105,45021
Chester County,SC,32301,45023
Chesterfield County,SC,45948,45025
Clarendon County,SC,34057,45027
Colleton County,SC,37611,45029
Darlington County,SC,67265,45031
Dillon County,SC,30666,45033
Dorchester County,SC,156456,45035
Edgefield County,SC,26693,45037
Fairfield County,SC,22607,45039
Florence County,SC,138566,45041
Georgetown County,SC,61607,45043
Greenville County,SC,506837,45045
Greenwood County,SC,70355,45047
Hampton County,SC,19602,45049
Horry County,SC,333268,45051
Jasper County,SC,28458,45053
Kershaw County,SC,65036,45055
Lancaster County,SC,92550,45057
Laurens County,SC,66848,45059
Lee County,SC,17350,45061
Lexington County,SC,290642,45063
McCormick County,SC,9545,45065
Marion County,SC,31293,45067
Marlboro County,SC,26825,45069
Newberry County,SC,38488,45071
Oconee County,SC,77270,45073
Orangeburg County,SC,87476,45075
Pickens County,SC,123479,45077
Richland County,SC,411592,45079
Saluda County,SC,20452,45081
Spartanburg County,SC,306854,45083
Sumter County,SC,106847,45085
Union County,SC,27537,45087
Williamsburg County,SC,31133,45089
York County,SC,266439,45091
South Dakota,SD,869666,
Aurora County,SD,2738,46003
Beadle County,SD,18157,46005
Bennett County,SD,3454,46007
Bon Homme County,SD,6984,46009
Brookings County,SD,34255,46011
Brown County,SD,39178,46013
Brule County,SD,5312,46015
Buffalo County,SD,1999,46017
Butte County,SD,10107,46019
Campbell County,SD,1379,46021
Charles Mix County,SD,9428,46023
Clark County,SD,3668,46025
Clay County,SD,13990,46027
Codington County,SD,28099,46029
Corson County,SD,4203,46031
Custer County,SD,8691,46033
Davison County,SD,19704,46035
Day County,SD,5521,46037
Deuel County,SD,4281,46039
Dewey County,SD,5835,46041
Douglas County,SD,2931,46043
Edmunds County,SD,3919,46045
Fall River County,SD,6687,46047
Faulk County,SD,2329,46049
Grant County,SD,7061,46051
Gregory County,SD,4226,46053
Haakon County,SD,1943,46055
Hamlin County,SD,5948,46057
Hand County,SD,3277,46059
Hanson County,SD,3423,46061
Harding County,SD,1242,46063
Hughes County,SD,17666,46065
Hutchinson County,SD,7358,46067
Hyde County,SD,1318,46069
Jackson County,SD,3289,46071
Jerauld County,SD,2028,46073
Jones County,SD,936,46075
Kingsbury County,SD,4952,46077
Lake County,SD,12809,46079
Lawrence County,SD,25429,46081
Lincoln County,SD,56664,46083
Lyman County,SD,3904,46085
McCook County,SD,5499,46087
McPherson County,SD,2426,46089
Marshall County,SD,4804,46091
Meade County,SD,28018,46093
Mellette County,SD,2088,46095
Miner County,SD,2228,46097
Minnehaha County,SD,188616,46099
Moody County,SD,6579,46101
Oglala Lakota County,SD,14354,
Pennington County,SD,110141,46103
Perkins County,SD,2974,46105
Potter County,SD,2231,46107
Roberts County,SD,10278,46109
Sanborn County,SD,2450,46111
Spink County,SD,6410,46115
Stanley County,SD,3011,46117
Sully County,SD,1407,46119
Todd County,SD,10065,46121
Tripp County,SD,5460,46123
Turner County,SD,8315,46125
Union County,SD,15029,46127
Walworth County,SD,5543,46129
Yankton County,SD,22662,46135
Ziebach County,SD,2756,46137
Tennessee,TN,6715984,
Anderson County,TN,76257,47001
Bedford County,TN,48117,47003
Benton County,TN,15986,47005
Bledsoe County,TN,14717,47007
Blount County,TN,129929,47009
Bradley County,TN,105560,47011
Campbell County,TN,39648,47013
Cannon County,TN,14216,47015
Carroll County,TN,27860,47017
Carter County,TN,56488,47019
Cheatham County,TN,40330,47021
Chester County,TN,17119,47023
Claiborne County,TN,31609,47025
Clay County,TN,7703,47027
Cocke County,TN,35556,47029
Coffee County,TN,55034,47031
Crockett County,TN,14473,47033
Cumberland County,TN,59078,47035
Davidson County,TN,691243,47037
Decatur County,TN,11751,47039
DeKalb County,TN,19852,47041
Dickson County,TN,52853,47043
Dyer County,TN,37463,47045
Fayette County,TN,40036,47047
Fentress County,TN,18136,47049
Franklin County,TN,41652,47051
Gibson County,TN,49111,47053
Giles County,TN,29401,47055
Grainger County,TN,23144,47057
Greene County,TN,68808,47059
Grundy County,TN,13361,47061
Hamblen County,TN,64277,47063
Hamilton County,TN,361613,47065
Hancock County,TN,6600,47067
Hardeman County,TN,25447,47069
Hardin County,TN,25846,47071
Hawkins County,TN,56459,47073
Haywood County,TN,17573,47075
Henderson County,TN,27751,47077
Henry County,TN,32450,47079
Hickman County,TN,24864,47081
Houston County,TN,8213,47083
Humphreys County,TN,18484,47085
Jackson County,TN,11677,47087
Jefferson County,TN,53804,47089
Johnson County,TN,17691,47091
Knox County,TN,461860,47093
Lake County,TN,7468,47095
Lauderdale County,TN,25274,47097
Lawrence County,TN,43396,47099
Lewis County,TN,12035,47101
Lincoln County,TN,33751,47103
Loudon County,TN,52152,47105
McMinn County,TN,52877,47107
McNairy County,TN,26004,47109
Macon County,TN,24079,47111
Madison County,TN,97643,47113
Marion County,TN,28425,47115
Marshall County,TN,32931,47117
Maury County,TN,92163,47119
Meigs County,TN,12068,47121
Monroe County,TN,46240,47123
Montgomery County,TN,200182,47125
Moore County,TN,6384,47127
Morgan County,TN,21636,47129
Obion County,TN,30385,47131
Overton County,TN,22012,47133
Perry County,TN,7975,47135
Pickett County,TN,5073,47137
Polk County,TN,16757,47139
Putnam County,TN,77674,47141
Rhea County,TN,32691,47143
Roane County,TN,53036,47145
Robertson County,TN,70177,47147
Rutherford County,TN,317157,47149
Scott County,TN,21989,47151
Sequatchie County,TN,14736,47153
Sevier County,TN,97638,47155
Shelby County,TN,936961,47157
Smith County,TN,19636,47159
Stewart County,TN,13355,47161
Sullivan County,TN,157158,47163
Sumner County,TN,183545,47165
Tipton County,TN,61366,47167
Trousdale County,TN,10083,47169
Unicoi County,TN,17759,47171
Union County,TN,19442,47173
Van Buren County,TN,5742,47175
Warren County,TN,40651,47177
Washington County,TN,127806,47179
Wayne County,TN,16583,47181
Weakley County,TN,33337,47183
White County,TN,26753,47185
Williamson County,TN,226257,47187
Wilson County,TN,136442,47189
Texas,TX,28304596,
Anderson County,TX,57741,48001
Andrews County,TX,17722,48003
Angelina County,TX,87805,48005
Aransas County,TX,25572,48007
Archer County,TX,8809,48009
Armstrong County,TX,1879,48011
Atascosa County,TX,48981,48013
Austin County,TX,29786,48015
Bailey County,TX,7077,48017
Bandera County,TX,22351,48019
Bastrop County,TX,84761,48021
Baylor County,TX,3581,48023
Bee County,TX,32563,48025
Bell County,TX,347833,48027
Bexar County,TX,1958578,48029
Blanco County,TX,11626,48031
Borden County,TX,673,48033
Bosque County,TX,18326,48035
Bowie County,TX,94012,48037
Brazoria County,TX,362457,48039
Brazos County,TX,222830,48041
Brewster County,TX,9337,48043
Briscoe County,TX,1528,48045
Brooks County,TX,7235,48047
Brown County,TX,38053,48049
Burleson County,TX,18011,48051
Burnet County,TX,46804,48053
Caldwell County,TX,42338,48055
Calhoun County,TX,21744,48057
Callahan County,TX,13946,48059
Cameron County,TX,423725,48061
Camp County,TX,12855,48063
Carson County,TX,6032,48065
Cass County,TX,30012,48067
Castro County,TX,7843,48069
Chambers County,TX,41441,48071
Cherokee County,TX,52240,48073
Childress County,TX,7067,48075
Clay County,TX,10421,48077
Cochran County,TX,2851,48079
Coke County,TX,3306,48081
Coleman County,TX,8430,48083
Collin County,TX,969603,48085
Collingsworth County,TX,2987,48087
Colorado County,TX,21232,48089
Comal County,TX,141009,48091
Comanche County,TX,13573,48093
Concho County,TX,2717,48095
Cooke County,TX,39895,48097
Coryell County,TX,74913,48099
Cottle County,TX,1387,48101
Crane County,TX,4740,48103
Crockett County,TX,3564,48105
Crosby County,TX,5899,48107
Culberson County,TX,2231,48109
Dallam County,TX,7208,48111
Dallas County,TX,2618148,48113
Dawson County,TX,12813,48115
Deaf Smith County,TX,18836,48117
Delta County,TX,5298,48119
Denton County,TX,836210,48121
DeWitt County,TX,20226,48123
Dickens County,TX,2209,48125
Dimmit County,TX,10418,48127
Donley County,TX,3311,48129
Duval County,TX,11273,48131
Eastland County,TX,18411,48133
Ector County,TX,157087,48135
Edwards County,TX,1953,48137
Ellis County,TX,173620,48139
El Paso County,TX,840410,48141
Erath County,TX,41969,48143
Falls County,TX,17437,48145
Fannin County,TX,34446,48147
Fayette County,TX,25272,48149
Fisher County,TX,3880,48151
Floyd County,TX,5855,48153
Foard County,TX,1222,48155
Fort Bend County,TX,764828,48157
Franklin County,TX,10767,48159
Freestone County,TX,19625,48161
Frio County,TX,19600,48163
Gaines County,TX,20638,48165
Galveston County,TX,335036,48167
Garza County,TX,6528,48169
Gillespie County,TX,26646,48171
Glasscock County,TX,1348,48173
Goliad County,TX,7562,48175
Gonzales County,TX,20893,48177
Gray County,TX,22404,48179
Grayson County,TX,131140,48181
Gregg County,TX,123367,48183
Grimes County,TX,28082,48185
Guadalupe County,TX,159659,48187
Hale County,TX,34134,48189
Hall County,TX,3071,48191
Hamilton County,TX,8422,48193
Hansford County,TX,5447,48195
Hardeman County,TX,3994,48197
Hardin County,TX,57139,48199
Harris County,TX,4652980,48201
Harrison County,TX,66661,48203
Hartley County,TX,5691,48205
Haskell County,TX,5746,48207
Hays County,TX,214485,48209
Hemphill County,TX,4024,48211
Henderson County,TX,81064,48213
Hidalgo County,TX,860661,48215
Hill County,TX,35852,48217
Hockley County,TX,23088,48219
Hood County,TX,58273,48221
Hopkins County,TX,36496,48223
Houston County,TX,23021,48225
Howard County,TX,36040,48227
Hudspeth County,TX,4408,48229
Hunt County,TX,93872,48231
Hutchinson County,TX,21375,48233
Irion County,TX,1516,48235
Jack County,TX,8832,48237
Jackson County,TX,14805,48239
Jasper County,TX,35561,48241
Jeff Davis County,TX,2280,48243
Jefferson County,TX,256299,48245
Jim Hogg County,TX,5202,48247
Jim Wells County,TX,40871,48249
Johnson County,TX,167301,48251
Jones County,TX,19983,48253
Karnes County,TX,15187,48255
Kaufman County,TX,122883,48257
Kendall County,TX,44026,48259
Kenedy County,TX,417,48261
Kent County,TX,763,48263
Kerr County,TX,51720,48265
Kimble County,TX,4410,48267
King County,TX,296,48269
Kinney County,TX,3745,48271
Kleberg County,TX,31088,48273
Knox County,TX,3710,48275
Lamar County,TX,49587,48277
Lamb County,TX,13210,48279
Lampasas County,TX,21027,48281
La Salle County,TX,7584,48283
Lavaca County,TX,20062,48285
Lee County,TX,17183,48287
Leon County,TX,17243,48289
Liberty County,TX,83658,48291
Limestone County,TX,23527,48293
Lipscomb County,TX,3378,48295
Live Oak County,TX,12174,48297
Llano County,TX,21210,48299
Loving County,TX,134,48301
Lubbock County,TX,305225,48303
Lynn County,TX,5859,48305
McCulloch County,TX,7957,48307
McLennan County,TX,251259,48309
McMullen County,TX,778,48311
Madison County,TX,14222,48313
Marion County,TX,10064,48315
Martin County,TX,5626,48317
Mason County,TX,4222,48319
Matagorda County,TX,36840,48321
Maverick County,TX,58216,48323
Medina County,TX,50066,48325
Menard County,TX,2124,48327
Midland County,TX,165049,48329
Milam County,TX,25053,48331
Mills County,TX,4921,48333
Mitchell County,TX,8468,48335
Montague County,TX,19539,48337
Montgomery County,TX,570934,48339
Moore County,TX,22097,48341
Morris County,TX,12467,48343
Motley County,TX,1230,48345
Nacogdoches County,TX,65580,48347
Navarro County,TX,48701,48349
Newton County,TX,13952,48351
Nolan County,TX,14770,48353
Nueces County,TX,361221,48355
Ochiltree County,TX,10073,48357
Oldham County,TX,2114,48359
Orange County,TX,85047,48361
Palo Pinto County,TX,28570,48363
Panola County,TX,23243,48365
Parker County,TX,133463,48367
Parmer County,TX,9842,48369
Pecos County,TX,15634,48371
Polk County,TX,49162,48373
Potter County,TX,120458,48375
Presidio County,TX,7156,48377
Rains County,TX,11762,48379
Randall County,TX,134442,48381
Reagan County,TX,3710,48383
Real County,TX,3429,48385
Red River County,TX,12229,48387
Reeves County,TX,15281,48389
Refugio County,TX,7224,48391
Roberts County,TX,938,48393
Robertson County,TX,17203,48395
Rockwall County,TX,96788,48397
Runnels County,TX,10266,48399
Rusk County,TX,52833,48401
Sabine County,TX,10461,48403
San Augustine County,TX,8253,48405
San Jacinto County,TX,28270,48407
San Patricio County,TX,67215,48409
San Saba County,TX,5959,48411
Schleicher County,TX,3001,48413
Scurry County,TX,17050,48415
Shackelford County,TX,3328,48417
Shelby County,TX,25513,48419
Sherman County,TX,3067,48421
Smith County,TX,227727,48423
Somervell County,TX,8845,48425
Starr County,TX,64454,48427
Stephens County,TX,9337,48429
Sterling County,TX,1295,48431
Stonewall County,TX,1388,48433
Sutton County,TX,3767,48435
Swisher County,TX,7515,48437
Tarrant County,TX,2054475,48439
Taylor County,TX,136290,48441
Terrell County,TX,810,48443
Terry County,TX,12715,48445
Throckmorton County,TX,1527,48447
Titus County,TX,32904,48449
Tom Green County,TX,118019,48451
Travis County,TX,1226698,48453
Trinity County,TX,14667,48455
Tyler County,TX,21539,48457
Upshur County,TX,41281,48459
Upton County,TX,3663,48461
Uvalde County,TX,27132,48463
Val Verde County,TX,49205,48465
Van Zandt County,TX,55182,48467
Victoria County,TX,92084,48469
Walker County,TX,72245,48471
Waller County,TX,51307,48473
Ward County,TX,11472,48475
Washington County,TX,35043,48477
Webb County,TX,274794,48479
Wharton County,TX,41968,48481
Wheeler County,TX,5358,48483
Wichita County,TX,132000,48485
Wilbarger County,TX,12764,48487
Willacy County,TX,21584,48489
Williamson County,TX,547545,48491
Wilson County,TX,49304,48493
Winkler County,TX,7574,48495
Wise County,TX,66181,48497
Wood County,TX,44314,48499
Yoakum County,TX,8568,48501
Young County,TX,17979,48503
Zapata County,TX,14322,48505
Zavala County,TX,11948,48507
Utah,UT,3101833,
Beaver County,UT,6386,49001
Box Elder County,UT,54079,49003
Cache County,UT,124438,49005
Carbon County,UT,20295,49007
Daggett County,UT,1029,49009
Davis County,UT,347637,49011
Duchesne County,UT,20026,49013
Emery County,UT,10077,49015
Garfield County,UT,5078,49017
Grand County,UT,9674,49019
Iron County,UT,51001,49021
Juab County,UT,11250,49023
Kane County,UT,7567,49025
Millard County,UT,12863,49027
Morgan County,UT,11873,49029
Piute County,UT,1420,49031
Rich County,UT,2391,49033
Salt Lake County,UT,1135649,49035
San Juan County,UT,15356,49037
Sanpete County,UT,30035,49039
Sevier County,UT,21316,49041
Summit County,UT,41106,49043
Tooele County,UT,67456,49045
Uintah County,UT,35150,49047
Utah County,UT,606425,49049
Wasatch County,UT,32106,49051
Washington County,UT,165662,49053
Wayne County,UT,2719,49055
Weber County,UT,251769,49057
Vermont,VT,623657,
Addison County,VT,36776,50001
Bennington County,VT,35594,50003
Caledonia County,VT,30164,50005
Chittenden County,VT,162372,50007
Essex County,VT,6230,50009
Franklin County,VT,49025,50011
Grand Isle County,VT,6998,50013
Lamoille County,VT,25337,50015
Orange County,VT,28974,50017
Orleans County,VT,26841,50019
Rutland County,VT,59087,50021
Washington County,VT,58290,50023
Windham County,VT,42869,50025
Windsor County,VT,55100,50027
Virginia,VA,8470020,
Accomack County,VA,32545,51001
Albemarle County,VA,107702,51003
Alleghany County,VA,15122,51005
Amelia County,VA,13020,51007
Amherst County,VA,31594,51009
Appomattox County,VA,15681,51011
Arlington County,VA,234965,51013
Augusta County,VA,75144,51015
Bath County,VA,4297,51017
Bedford County,VA,77974,51019
Bland County,VA,6350,51021
Botetourt County,VA,33192,51023
Brunswick County,VA,16244,51025
Buchanan County,VA,21514,51027
Buckingham County,VA,17065,51029
Campbell County,VA,55010,51031
Caroline County,VA,30461,51033
Carroll County,VA,29708,51035
Charles City County,VA,7004,51036
Charlotte County,VA,12119,51037
Chesterfield County,VA,343599,51041
Clarke County,VA,14508,51043
Craig County,VA,5062,51045
Culpeper County,VA,51282,51047
Cumberland County,VA,9811,51049
Dickenson County,VA,14782,51051
Dinwiddie County,VA,28208,51053
Essex County,VA,11028,51057
Fairfax County,VA,1148433,51059
Fauquier County,VA,69465,51061
Floyd County,VA,15755,51063
Fluvanna County,VA,26452,51065
Franklin County,VA,56445,51067
Frederick County,VA,86484,51069
Giles County,VA,16837,51071
Gloucester County,VA,37292,51073
Goochland County,VA,22685,51075
Grayson County,VA,15665,51077
Greene County,VA,19612,51079
Greensville County,VA,11679,51081
Halifax County,VA,34563,51083
Hanover County,VA,105923,51085
Henrico County,VA,327898,51087
Henry County,VA,51227,51089
Highland County,VA,2212,51091
Isle of Wight County,VA,36552,51093
James City County,VA,75524,51095
King and Queen County,VA,7003,51097
King George County,VA,26337,51099
King William County,VA,16708,51101
Lancaster County,VA,10788,51103
Lee County,VA,23758,51105
Loudoun County,VA,398080,51107
Louisa County,VA,35860,51109
Lunenburg County,VA,12235,51111
Madison County,VA,13277,51113
Mathews County,VA,8779,51115
Mecklenburg County,VA,30686,51117
Middlesex County,VA,10679,51119
Montgomery County,VA,98559,51121
Nelson County,VA,14943,51125
New Kent County,VA,21682,51127
Northampton County,VA,11846,51131
Northumberland County,VA,12275,51133
Nottoway County,VA,15434,51135
Orange County,VA,36073,51137
Page County,VA,23731,51139
Patrick County,VA,17665,51141
Pittsylvania County,VA,61258,51143
Powhatan County,VA,28601,51145
Prince Edward County,VA,22703,51147
Prince George County,VA,37809,51149
Prince William County,VA,463023,51153
Pulaski County,VA,34184,51155
Rappahannock County,VA,7321,51157
Richmond County,VA,8939,51159
Roanoke County,VA,93730,51161
Rockbridge County,VA,22659,51163
Rockingham County,VA,80227,51165
Russell County,VA,27048,51167
Scott County,VA,21865,51169
Shenandoah County,VA,43225,51171
Smyth County,VA,30656,51173
Southampton County,VA,17750,51175
Spotsylvania County,VA,133033,51177
Stafford County,VA,146649,51179
Surry County,VA,6540,51181
Sussex County,VA,11373,51183
Tazewell County,VA,41095,51185
Warren County,VA,39563,51187
Washington County,VA,54387,51191
Westmoreland County,VA,17780,51193
Wise County,VA,38586,51195
Wythe County,VA,28882,51197
York County,VA,67739,51199
Alexandria city,VA,160035,51510
Bristol city,VA,16790,51520
Buena Vista city,VA,6327,51530
Charlottesville city,VA,48019,51540
Chesapeake city,VA,240397,51550
Colonial Heights city,VA,17830,51570
Covington city,VA,5531,51580
Danville city,VA,41130,51590
Emporia city,VA,5282,51595
Fairfax city,VA,24097,51600
Falls Church city,VA,14583,51610
Franklin city,VA,8176,51620
Fredericksburg city,VA,28360,51630
Galax city,VA,6625,51640
Hampton city,VA,134669,51650
Harrisonburg city,VA,54215,51660
Hopewell city,VA,22621,51670
Lexington city,VA,7106,51678
Lynchburg city,VA,80995,51680
Manassas city,VA,41501,51683
Manassas Park city,VA,16591,51685
Martinsville city,VA,13142,51690
Newport News city,VA,179388,51700
Norfolk city,VA,244703,51710
Norton city,VA,3936,51720
Petersburg city,VA,31750,51730
Poquoson city,VA,12053,51735
Portsmouth city,VA,94572,51740
Radford city,VA,17658,51750
Richmond city,VA,227032,51760
Roanoke city,VA,99837,51770
Salem city,VA,25862,51775
Staunton city,VA,24528,51790
Suffolk city,VA,90237,51800
Virginia Beach city,VA,450435,51810
Waynesboro city,VA,22327,51820
Williamsburg city,VA,15031,51830
Winchester city,VA,27932,51840
Washington,WA,7405743,
Adams County,WA,19506,53001
Asotin County,WA,22535,53003
Benton County,WA,198171,53005
Chelan County,WA,76533,53007
Clallam County,WA,75474,53009
Clark County,WA,474643,53011
Columbia County,WA,4047,53013
Cowlitz County,WA,106910,53015
Douglas County,WA,41945,53017
Ferry County,WA,7594,53019
Franklin County,WA,92125,53021
Garfield County,WA,2210,53023
Grant County,WA,95158,53025
Grays Harbor County,WA,72697,53027
Island County,WA,83159,53029
Jefferson County,WA,31234,53031
King County,WA,2188649,53033
Kitsap County,WA,266414,53035
Kittitas County,WA,46205,53037
Klickitat County,WA,21811,53039
Lewis County,WA,78200,53041
Lincoln County,WA,10579,53043
Mason County,WA,63710,53045
Okanogan County,WA,41742,53047
Pacific County,WA,21626,53049
Pend Oreille County,WA,13354,53051
Pierce County,WA,876764,53053
San Juan County,WA,16715,53055
Skagit County,WA,125619,53057
Skamania County,WA,11837,53059
Snohomish County,WA,801633,53061
Spokane County,WA,506152,53063
Stevens County,WA,44730,53065
Thurston County,WA,280588,53067
Wahkiakum County,WA,4264,53069
Walla Walla County,WA,60567,53071
Whatcom County,WA,221404,53073
Whitman County,WA,49046,53075
Yakima County,WA,250193,53077
West Virginia,WV,1815857,
Barbour County,WV,16497,54001
Berkeley County,WV,114920,54003
Boone County,WV,22349,54005
Braxton County,WV,14237,54007
Brooke County,WV,22443,54009
Cabell County,WV,94958,54011
Calhoun County,WV,7307,54013
Clay County,WV,8764,54015
Doddridge County,WV,8560,54017
Fayette County,WV,43521,54019
Gilmer County,WV,8005,54021
Grant County,WV,11670,54023
Greenbrier County,WV,35287,54025
Hampshire County,WV,23471,54027
Hancock County,WV,29448,54029
Hardy County,WV,13717,54031
Harrison County,WV,67811,54033
Jackson County,WV,28976,54035
Jefferson County,WV,56338,54037
Kanawha County,WV,183293,54039
Lewis County,WV,16226,54041
Lincoln County,WV,20825,54043
Logan County,WV,32925,54045
McDowell County,WV,18456,54047
Marion County,WV,56337,54049
Marshall County,WV,31190,54051
Mason County,WV,26801,54053
Mercer County,WV,59753,54055
Mineral County,WV,27222,54057
Mingo County,WV,24127,54059
Monongalia County,WV,105030,54061
Monroe County,WV,13402,54063
Morgan County,WV,17686,54065
Nicholas County,WV,25043,54067
Ohio County,WV,42035,54069
Pendleton County,WV,6996,54071
Pleasants County,WV,7512,54073
Pocahontas County,WV,8456,54075
Preston County,WV,33679,54077
Putnam County,WV,56792,54079
Raleigh County,WV,75022,54081
Randolph County,WV,28785,54083
Ritchie County,WV,9774,54085
Roane County,WV,14043,54087
Summers County,WV,12993,54089
Taylor County,WV,16930,54091
Tucker County,WV,6915,54093
Tyler County,WV,8795,54095
Upshur County,WV,24465,54097
Wayne County,WV,40153,54099
Webster County,WV,8372,54101
Wetzel County,WV,15437,54103
Wirt County,WV,5794,54105
Wood County,WV,85104,54107
Wyoming County,WV,21210,54109
Wisconsin,WI,5795483,
Adams County,WI,19973,55001
Ashland County,WI,15500,55003
Barron County,WI,45251,55005
Bayfield County,WI,15008,55007
Brown County,WI,262052,55009
Buffalo County,WI,13167,55011
Burnett County,WI,15352,55013
Calumet County,WI,50067,55015
Chippewa County,WI,63813,55017
Clark County,WI,34679,55019
Columbia County,WI,57248,55021
Crawford County,WI,16214,55023
Dane County,WI,536416,55025
Dodge County,WI,87786,55027
Door County,WI,27483,55029
Douglas County,WI,43284,55031
Dunn County,WI,44693,55033
Eau Claire County,WI,103671,55035
Florence County,WI,4371,55037
Fond du Lac County,WI,102548,55039
Forest County,WI,8970,55041
Grant County,WI,51999,55043
Green County,WI,36851,55045
Green Lake County,WI,18760,55047
Iowa County,WI,23715,55049
Iron County,WI,5671,55051
Jackson County,WI,20529,55053
Jefferson County,WI,84832,55055
Juneau County,WI,26576,55057
Kenosha County,WI,168521,55059
Kewaunee County,WI,20445,55061
La Crosse County,WI,118274,55063
Lafayette County,WI,16741,55065
Langlade County,WI,19160,55067
Lincoln County,WI,27838,55069
Manitowoc County,WI,79175,55071
Marathon County,WI,135732,55073
Marinette County,WI,40310,55075
Marquette County,WI,15308,55077
Menominee County,WI,4615,55078
Milwaukee County,WI,952085,55079
Monroe County,WI,45625,55081
Oconto County,WI,37553,55083
Oneida County,WI,35254,55085
Outagamie County,WI,186059,55087
Ozaukee County,WI,88429,55089
Pepin County,WI,7254,55091
Pierce County,WI,41901,55093
Polk County,WI,43450,55095
Portage County,WI,70474,55097
Price County,WI,13442,55099
Racine County,WI,196071,55101
Richland County,WI,17516,55103
Rock County,WI,162309,55105
Rusk County,WI,14151,55107
St. Croix County,WI,88703,55109
Sauk County,WI,63981,55111
Sawyer County,WI,16418,55113
Shawano County,WI,40935,55115
Sheboygan County,WI,115344,55117
Taylor County,WI,20321,55119
Trempealeau County,WI,29472,55121
Vernon County,WI,30759,55123
Vilas County,WI,21683,55125
Walworth County,WI,103082,55127
Washburn County,WI,15758,55129
Washington County,WI,135101,55131
Waukesha County,WI,400621,55133
Waupaca County,WI,51225,55135
Waushara County,WI,24369,55137
Winnebago County,WI,170414,55139
Wood County,WI,73126,55141
Wyoming,WY,579315,
Albany County,WY,38332,56001
Big Horn County,WY,11906,56003
Campbell County,WY,46242,56005
Carbon County,WY,15303,56007
Converse County,WY,13809,56009
Crook County,WY,7410,56011
Fremont County,WY,39803,56013
Goshen County,WY,13378,56015
Hot Springs County,WY,4696,56017
Johnson County,WY,8476,56019
Laramie County,WY,98327,56021
Lincoln County,WY,19265,56023
Natrona County,WY,79547,56025
Niobrara County,WY,2397,56027
Park County,WY,29568,56029
Platte County,WY,8562,56031
Sheridan County,WY,30210,56033
Sublette County,WY,9799,56035
Sweetwater County,WY,43534,56037
Teton County,WY,23265,56039
Uinta County,WY,20495,56041
Washakie County,WY,8064,56043
Weston County,WY,6927,56045
